,M,N,Z0,Z1,Y_covariate0,Y_covariate1,Y_covariate2,Y_covariate3,Y_covariate4,U0,U1,Y,X
0,-0.03703709,0.01963748,-0.07965317,-0.10758667,0.662,0.78328174,0.6122,8.9334,2.3702438,540.0,1.0,1.0,-0.012616809362921366
1,0.044615455,-0.03703709,0.15567964,-0.07965317,0.662,0.78328174,0.6122,8.959697,2.3702438,540.0,2.0,1.0,-0.0028381676383820442
2,-0.008836586,0.044615455,-0.034482066,0.15567964,0.662,0.78328174,0.6122,8.985946,2.3702438,540.0,3.0,1.0,0.0017941957233438832
3,0.026745925,-0.008836586,0.059924528,-0.034482066,0.662,0.78328174,0.6122,9.012134,2.3702438,540.0,4.0,1.0,-0.004069349718311466
4,0.028943619,0.026745925,-0.018276548,0.059924528,0.662,0.78328174,0.6122,9.035987,2.3702438,540.0,5.0,1.0,-0.002279562010630065
5,-0.002812987,0.028943619,0.21601908,-0.018276548,0.662,0.78328174,0.6122,9.060099,2.3702438,540.0,6.0,1.0,0.0023038768614540572
6,0.011283521,-0.002812987,-0.103501625,0.21601908,0.662,0.78328174,0.6122,9.087155,2.3702438,540.0,7.0,1.0,0.0022568853544173706
7,0.022315163,0.011283521,0.14791209,-0.103501625,0.662,0.78328174,0.6122,9.11427,2.3702438,540.0,8.0,1.0,-0.004275142876681098
8,-0.043656215,0.022315163,-0.116581805,0.14791209,0.662,0.78328174,0.6122,9.141418,2.3702438,540.0,9.0,1.0,-0.0015211388407327386
9,-0.03351065,-0.043656215,0.052566122,-0.116581805,0.662,0.78328174,0.6122,9.168476,2.3702438,540.0,10.0,1.0,-0.008322668234150843
10,-0.03185543,-0.03351065,-0.20093897,0.052566122,0.662,0.78328174,0.6122,9.212338,2.3702438,540.0,11.0,1.0,-0.009173520922684752
11,-0.08411914,-0.03185543,-0.23940173,-0.20093897,0.662,0.78328174,0.6122,9.16115,2.3702438,540.0,12.0,1.0,-0.022870085963332565
12,-0.26336798,-0.08411914,0.45613328,-0.23940173,0.662,0.78328174,0.6122,9.269552,2.3702438,540.0,13.0,1.0,0.00014948416898874495
13,-0.019394048,-0.26336798,-0.13509859,0.45613328,0.662,0.78328174,0.6122,9.238499,2.3702438,540.0,14.0,1.0,0.012795660841722345
14,0.069228396,-0.019394048,-0.0066473167,-0.13509859,0.662,0.78328174,0.6122,9.271148,2.3702438,540.0,15.0,1.0,-0.011341453035519283
15,0.06647016,0.069228396,-0.07016658,-0.0066473167,0.662,0.78328174,0.6122,9.303102,2.3702438,540.0,16.0,1.0,-0.007371740409509303
16,0.030391987,0.06647016,-0.06334932,-0.07016658,0.662,0.78328174,0.6122,9.334077,2.3702438,540.0,17.0,1.0,-0.010214798576328232
17,0.0024375962,0.030391987,-0.06949023,-0.06334932,0.662,0.78328174,0.6122,9.363824,2.3702438,540.0,18.0,1.0,-0.010103227771917134
18,-0.0016530666,0.0024375962,0.30919966,-0.06949023,0.662,0.78328174,0.6122,9.392871,2.3702438,540.0,19.0,1.0,0.0031492662244569924
19,0.05655304,0.054924212,-0.031209763,-0.08152759,1.056,0.61817753,0.46499997,8.150179,0.0,434.0,1.0,0.0,-0.009616864680903225
20,-0.13508923,0.05655304,0.038273197,-0.031209763,1.056,0.61817753,0.46499997,8.179761,0.0,434.0,2.0,0.0,-0.004685082911867117
21,-0.009823173,-0.13508923,-0.11017888,0.038273197,1.056,0.61817753,0.46499997,8.210124,0.0,434.0,3.0,0.0,-0.006620414961288845
22,0.024801563,-0.009823173,0.12808706,-0.11017888,1.056,0.61817753,0.46499997,8.241177,0.0,434.0,4.0,0.0,-0.00530906786044677
23,0.07260411,0.024801563,0.016300341,0.12808706,1.056,0.61817753,0.46499997,8.272826,0.0,434.0,5.0,0.0,0.002270394068349668
24,-0.040613785,0.07260411,0.0019970469,0.016300341,1.056,0.61817753,0.46499997,8.304742,0.0,434.0,6.0,0.0,-0.0036742112352433354
25,-0.06396986,-0.040613785,-0.10598074,0.0019970469,1.056,0.61817753,0.46499997,8.336869,0.0,434.0,7.0,0.0,-0.008233193019750562
26,0.0,-0.06396986,0.17481922,-0.10598074,1.056,0.61817753,0.46499997,8.368925,0.0,434.0,8.0,0.0,-0.003432789007030812
27,-0.07437186,0.0,0.11288025,0.17481922,1.056,0.61817753,0.46499997,8.400884,0.0,434.0,9.0,0.0,0.007997544252851596
28,-0.0010857624,-0.07437186,-0.21179771,0.11288025,1.056,0.61817753,0.46499997,8.432507,0.0,434.0,10.0,0.0,-0.006630850022746493
29,0.028260829,-0.0010857624,0.39833054,-0.21179771,1.056,0.61817753,0.46499997,8.463793,0.0,434.0,11.0,0.0,-0.0005773719435713254
30,0.009955803,0.028260829,-0.14058055,0.39833054,1.056,0.61817753,0.46499997,8.494129,0.0,434.0,12.0,0.0,0.009790310870687546
31,0.0060863523,0.009955803,-0.030846553,-0.14058055,1.056,0.61817753,0.46499997,8.5271435,0.0,434.0,13.0,0.0,-0.01247381271101558
32,0.014470779,0.0060863523,0.18389,-0.030846553,1.056,0.61817753,0.46499997,8.551934,0.0,434.0,14.0,0.0,0.0005432822204047838
33,0.017286263,0.014470779,-0.15752746,0.18389,1.056,0.61817753,0.46499997,8.580168,0.0,434.0,15.0,0.0,-0.0012378184981264029
34,0.026479965,0.017286263,0.0053247963,-0.15752746,1.056,0.61817753,0.46499997,8.607947,0.0,434.0,16.0,0.0,-0.01200307823679686
35,0.02861304,0.026479965,-0.029917803,0.0053247963,1.056,0.61817753,0.46499997,8.636206,0.0,434.0,17.0,0.0,-0.00534964993029019
36,0.01681591,0.02861304,0.12649818,-0.029917803,1.056,0.61817753,0.46499997,8.664939,0.0,434.0,18.0,0.0,-0.001465274744935352
37,0.020730998,0.01681591,-0.038862567,0.12649818,1.056,0.61817753,0.46499997,8.69415,0.0,434.0,19.0,0.0,0.00021924031310308068
38,0.017010305,0.11815564,0.03197671,0.20698564,1.735,0.5063918,0.5,6.8046145,0.0,571.0,1.0,0.0,0.006665785614720504
39,0.003547881,0.017010305,-0.27932394,0.03197671,1.735,0.5063918,0.5,6.8394766,0.0,571.0,2.0,0.0,-0.012979063408591396
40,-0.0540404,0.003547881,0.05723461,-0.27932394,1.735,0.5063918,0.5,6.8741984,0.0,571.0,3.0,0.0,-0.016064800640637478
41,0.03950881,-0.0540404,-0.20282876,0.05723461,1.735,0.5063918,0.5,6.9097533,0.0,571.0,4.0,0.0,-0.009014258431214422
42,0.2003081,0.03950881,0.14675282,-0.20282876,1.735,0.5063918,0.5,6.945051,0.0,571.0,5.0,0.0,-0.009143876183053207
43,0.1390672,0.2003081,0.11736344,0.14675282,1.735,0.5063918,0.5,6.980076,0.0,571.0,6.0,0.0,0.00679395619737147
44,-0.1709241,0.1390672,-0.20743881,0.11736344,1.735,0.5063918,0.5,7.0157123,0.0,571.0,7.0,0.0,-0.006256991447445265
45,0.09198009,-0.1709241,0.82032686,-0.20743881,1.735,0.5063918,0.5,7.0501227,0.0,571.0,8.0,0.0,0.014735073573788948
46,-0.08796686,0.09198009,-0.14055282,0.82032686,1.735,0.5063918,0.5,7.0850644,0.0,571.0,9.0,0.0,0.0073032755764457225
47,0.039055414,-0.08796686,-0.33362722,-0.14055282,1.735,0.5063918,0.5,7.1188264,0.0,571.0,10.0,0.0,-0.023307088641322915
48,0.04304531,0.039055414,0.36343122,-0.33362722,1.735,0.5063918,0.5,7.17012,0.0,571.0,11.0,0.0,-0.00774705475241419
49,0.001306698,0.04304531,-0.48391217,0.36343122,1.735,0.5063918,0.5,7.2063775,0.0,571.0,12.0,0.0,-0.01192697039676599
50,-0.0072933096,0.001306698,0.74782455,-0.48391217,1.735,0.5063918,0.5,7.237059,0.0,571.0,13.0,0.0,-0.0012958003708680166
51,0.009759254,-0.0072933096,-0.08228507,0.74782455,1.735,0.5063918,0.5,7.236764,0.0,571.0,14.0,0.0,0.015897317101066344
52,0.025883522,0.009759254,0.092074394,-0.08228507,1.735,0.5063918,0.5,7.262222,0.0,571.0,15.0,0.0,-0.0052421100548304955
53,0.043672197,0.025883522,0.16764747,0.092074394,1.735,0.5063918,0.5,7.286192,0.0,571.0,16.0,0.0,0.005935961852121391
54,0.01494959,0.043672197,0.05494281,0.16764747,1.735,0.5063918,0.5,7.31055,0.0,571.0,17.0,0.0,0.005575782617870284
55,0.016072422,0.01494959,-0.22840853,0.05494281,1.735,0.5063918,0.5,7.334982,0.0,571.0,18.0,0.0,-0.010040978541455747
56,0.027533462,0.016072422,-0.08622913,-0.22840853,1.735,0.5063918,0.5,7.353543,0.0,571.0,19.0,0.0,-0.018724005223390794
57,0.019693661,-0.008676807,-0.04020105,-0.06699625,0.461,0.67825544,0.58000004,8.848222,0.0,439.0,1.0,0.0,-0.009232390491982434
58,0.09871252,0.019693661,0.007910396,-0.04020105,0.461,0.67825544,0.58000004,8.872347,0.0,439.0,2.0,0.0,-0.006208549542095765
59,-0.019531347,0.09871252,-0.14046387,0.007910396,0.461,0.67825544,0.58000004,8.896725,0.0,439.0,3.0,0.0,-0.009179742375342331
60,-0.05577683,-0.019531347,0.122348905,-0.14046387,0.461,0.67825544,0.58000004,8.921457,0.0,439.0,4.0,0.0,-0.006986236223166076
61,0.044303793,-0.05577683,0.17089209,0.122348905,0.461,0.67825544,0.58000004,8.946635,0.0,439.0,5.0,0.0,0.0075233929412464595
62,0.032323178,0.044303793,0.008674046,0.17089209,0.461,0.67825544,0.58000004,8.97221,0.0,439.0,6.0,0.0,0.004077800309093382
63,0.0,0.032323178,-0.09106884,0.008674046,0.461,0.67825544,0.58000004,8.9982605,0.0,439.0,7.0,1.0,-0.007375090621740771
64,0.021526493,0.0,0.13566488,-0.09106884,0.461,0.67825544,0.58000004,9.024854,0.0,439.0,8.0,0.0,-0.004109166527351771
65,-0.0057471665,0.021526493,0.032880668,0.13566488,0.461,0.67825544,0.58000004,9.051813,0.0,439.0,9.0,0.0,0.0032319784746227542
66,-0.015414289,-0.0057471665,-0.20111379,0.032880668,0.461,0.67825544,0.58000004,9.079092,0.0,439.0,10.0,1.0,-0.01013648009435153
67,0.021526493,-0.015414289,0.3402763,-0.20111379,0.461,0.67825544,0.58000004,9.106756,0.0,439.0,11.0,1.0,-0.00213553626966842
68,-0.015325701,0.021526493,-0.0880628,0.3402763,0.461,0.67825544,0.58000004,9.134754,0.0,439.0,12.0,0.0,0.008848184460087838
69,-0.03092797,-0.015325701,-0.058146194,-0.0880628,0.461,0.67825544,0.58000004,9.1638775,0.0,439.0,13.0,0.0,-0.010898358846264444
70,-0.011312315,-0.03092797,0.20209405,-0.058146194,0.461,0.67825544,0.58000004,9.16198,0.0,439.0,14.0,0.0,-0.00013205808349631143
71,0.016192473,-0.011312315,-0.15621403,0.20209405,0.461,0.67825544,0.58000004,9.185538,0.0,439.0,15.0,0.0,-0.0003061111178295217
72,0.035118937,0.016192473,0.017636545,-0.15621403,0.461,0.67825544,0.58000004,9.20914,0.0,439.0,16.0,0.0,-0.011498685808776388
73,0.021777097,0.035118937,0.016957114,0.017636545,0.461,0.67825544,0.58000004,9.232591,0.0,439.0,17.0,0.0,-0.0030739452742331863
74,0.036792293,0.021777097,0.06234218,0.016957114,0.461,0.67825544,0.58000004,9.256606,0.0,439.0,18.0,0.0,-0.0014829180480906423
75,0.03325863,0.036792293,0.055314016,0.06234218,0.461,0.67825544,0.58000004,9.280829,0.0,439.0,19.0,0.0,0.0004712800453971211
76,0.054166652,-0.014373716,0.06007178,-0.113283366,0.487,0.03551066,0.5502,8.326033,4.3241324,516.0,1.0,0.0,-0.007893785220356109
77,-0.0059287776,0.054166652,0.29582274,0.06007178,0.487,0.03551066,0.5502,8.353025,4.3241324,516.0,2.0,0.0,0.008967240510511398
78,-0.031809207,-0.0059287776,-0.23330225,0.29582274,0.487,0.03551066,0.5502,8.380686,4.3241324,516.0,3.0,0.0,0.0014905529320639876
79,-0.008213508,-0.031809207,-0.03641112,-0.23330225,0.487,0.03551066,0.5502,8.408717,4.3241324,516.0,4.0,0.0,-0.01717916308641826
80,0.0910973,-0.008213508,0.20109311,-0.03641112,0.487,0.03551066,0.5502,8.4372835,4.3241324,516.0,5.0,0.0,0.0008884385340692247
81,0.045540776,0.0910973,-0.1001252,0.20109311,0.487,0.03551066,0.5502,8.465899,4.3241324,516.0,6.0,0.0,0.0016523115979587
82,-0.023593487,0.045540776,0.016232695,-0.1001252,0.487,0.03551066,0.5502,8.494743,4.3241324,516.0,7.0,0.0,-0.008823031037828444
83,0.03903351,-0.023593487,0.1524713,0.016232695,0.487,0.03551066,0.5502,8.523771,4.3241324,516.0,8.0,0.0,0.001707032219938065
84,-0.048300553,0.03903351,0.0019980953,0.1524713,0.487,0.03551066,0.5502,8.552753,4.3241324,516.0,9.0,0.0,0.0029436684430355353
85,0.0338346,-0.048300553,-0.12578216,0.0019980953,0.487,0.03551066,0.5502,8.581857,4.3241324,516.0,10.0,1.0,-0.008941710862944846
86,0.0181818,0.0338346,-0.046711095,-0.12578216,0.487,0.03551066,0.5502,8.611048,4.3241324,516.0,11.0,1.0,-0.012322310767982458
87,0.016071435,0.0181818,-0.07361777,-0.046711095,0.487,0.03551066,0.5502,8.639941,4.3241324,516.0,12.0,1.0,-0.009442316959170693
88,-0.07957922,0.016071435,-0.16530217,-0.07361777,0.487,0.03551066,0.5502,8.66768,4.3241324,516.0,13.0,0.0,-0.014030778642622421
89,-0.06084713,-0.07957922,0.06433335,-0.16530217,0.487,0.03551066,0.5502,8.680784,4.3241324,516.0,14.0,0.0,-0.010269378814306118
90,-0.09221147,-0.06084713,0.0109249465,0.06433335,0.487,0.03551066,0.5502,8.703631,4.3241324,516.0,15.0,1.0,-0.0010203568291335674
91,-0.10345233,-0.09221147,0.0068738866,0.0109249465,0.487,0.03551066,0.5502,8.725183,4.3241324,516.0,16.0,1.0,-0.0037609412384035368
92,-0.017306678,-0.10345233,0.07617104,0.0068738866,0.487,0.03551066,0.5502,8.747128,4.3241324,516.0,17.0,1.0,-0.0014781096977488362
93,0.027148554,-0.017306678,-0.1550051,0.07617104,0.487,0.03551066,0.5502,8.769465,4.3241324,516.0,18.0,1.0,-0.0063826479270134295
94,-0.029715417,0.027148554,0.18283774,-0.1550051,0.487,0.03551066,0.5502,8.792197,4.3241324,516.0,19.0,1.0,-0.005528416375009504
95,0.08375211,0.11380595,-0.07508384,0.031963903,1.072,0.8918986,0.64,9.071194,2.9285235,471.0,1.0,0.0,-0.005671211908454682
96,-0.010046377,0.08375211,0.08978375,-0.07508384,1.072,0.8918986,0.64,9.099855,2.9285235,471.0,2.0,0.0,-0.004974101591912028
97,0.047619037,-0.010046377,-0.19897981,0.08978375,1.072,0.8918986,0.64,9.127502,2.9285235,471.0,3.0,0.0,-0.00729465629713924
98,0.045454536,0.047619037,0.13033372,-0.19897981,1.072,0.8918986,0.64,9.1545105,2.9285235,471.0,4.0,1.0,-0.009544355838553953
99,0.059871696,0.045454536,0.0878068,0.13033372,1.072,0.8918986,0.64,9.180912,2.9285235,471.0,5.0,0.0,0.00493834893252626
100,0.008069916,0.059871696,-0.09834876,0.0878068,1.072,0.8918986,0.64,9.207235,2.9285235,471.0,6.0,0.0,-0.0037897801290373845
101,-0.040026646,0.008069916,-0.05273278,-0.09834876,1.072,0.8918986,0.64,9.2344475,2.9285235,471.0,7.0,0.0,-0.011204539303262623
102,-0.07574702,-0.040026646,0.12180596,-0.05273278,1.072,0.8918986,0.64,9.262553,2.9285235,471.0,8.0,0.0,-0.0027419766584568794
103,0.023308193,-0.07574702,-0.07643539,0.12180596,1.072,0.8918986,0.64,9.291552,2.9285235,471.0,9.0,0.0,-0.001353295285819206
104,-0.09919177,0.023308193,0.1519678,-0.07643539,1.072,0.8918986,0.64,9.321434,2.9285235,471.0,10.0,0.0,-0.0028146086048639885
105,-0.09461659,-0.09919177,-0.07731672,0.1519678,1.072,0.8918986,0.64,9.352187,2.9285235,471.0,11.0,0.0,8.101814021396758e-05
106,-0.072972946,-0.09461659,0.014713346,-0.07731672,1.072,0.8918986,0.64,9.382696,2.9285235,471.0,12.0,0.0,-0.007768918023470017
107,-0.05852898,-0.072972946,0.059685417,0.014713346,1.072,0.8918986,0.64,9.412628,2.9285235,471.0,13.0,0.0,-0.001687032985084519
108,-0.051890302,-0.05852898,-0.03321697,0.059685417,1.072,0.8918986,0.64,9.431195,2.9285235,471.0,14.0,0.0,-0.002825806812086884
109,0.0044918163,-0.051890302,-0.0051040864,-0.03321697,1.072,0.8918986,0.64,9.458929,2.9285235,471.0,15.0,0.0,-0.006334833470422907
110,0.021719275,0.0044918163,0.0051886947,-0.0051040864,1.072,0.8918986,0.64,9.486608,2.9285235,471.0,16.0,0.0,-0.0046002468788002016
111,0.022842547,0.021719275,-0.0057308082,0.0051886947,1.072,0.8918986,0.64,9.514376,2.9285235,471.0,17.0,0.0,-0.0044907633538235625
112,0.02195582,0.022842547,-0.09221296,-0.0057308082,1.072,0.8918986,0.64,9.542234,2.9285235,471.0,18.0,0.0,-0.008116100395559017
113,0.016678238,0.02195582,0.18512261,-0.09221296,1.072,0.8918986,0.64,9.570183,2.9285235,471.0,19.0,0.0,-0.0023949878245751732
114,-0.08215293,-0.043360442,0.033061206,0.016412064,0.738,0.68629944,0.7828,7.7493224,1.686399,482.0,1.0,0.0,-0.0025571898692020034
115,0.03395064,-0.08215293,0.04042439,0.033061206,0.738,0.68629944,0.7828,7.7723317,1.686399,482.0,2.0,0.0,-0.0014845674561687061
116,-0.12537313,0.03395064,-0.1201971,0.04042439,0.738,0.68629944,0.7828,7.7968802,1.686399,482.0,3.0,0.0,-0.0068743573754995735
117,0.061433364,-0.12537313,-0.089203656,-0.1201971,0.738,0.68629944,0.7828,7.822445,1.686399,482.0,4.0,0.0,-0.013571422181787696
118,0.012861763,0.061433364,0.20097896,-0.089203656,0.738,0.68629944,0.7828,7.8489337,1.686399,482.0,5.0,0.0,-0.0016813376688639692
119,-0.019047657,0.012861763,-0.035367023,0.20097896,0.738,0.68629944,0.7828,7.875119,1.686399,482.0,6.0,0.0,0.003964053503412501
120,-0.053398047,-0.019047657,0.008288317,-0.035367023,0.738,0.68629944,0.7828,7.9017477,1.686399,482.0,7.0,0.0,-0.005960094763196588
121,0.005128241,-0.053398047,0.0797302,0.008288317,0.738,0.68629944,0.7828,7.9287663,1.686399,482.0,8.0,0.0,-0.0012820090270033724
122,-0.0051020766,0.005128241,0.027145252,0.0797302,0.738,0.68629944,0.7828,7.956126,1.686399,482.0,9.0,0.0,0.00030834570535601125
123,-0.010256381,-0.0051020766,0.0031014835,0.027145252,0.738,0.68629944,0.7828,7.9827576,1.686399,482.0,10.0,0.0,-0.003107632984194031
124,-0.05008633,-0.010256381,0.0003919488,0.0031014835,0.738,0.68629944,0.7828,8.00903,1.686399,482.0,11.0,0.0,-0.004373105676755973
125,-0.065454565,-0.05008633,-0.075342454,0.0003919488,0.738,0.68629944,0.7828,8.034631,1.686399,482.0,12.0,0.0,-0.007214847652222356
126,-0.01871551,-0.065454565,-0.031539813,-0.075342454,0.738,0.68629944,0.7828,8.061487,1.686399,482.0,13.0,0.0,-0.009328080511568526
127,0.027407255,-0.01871551,0.06979691,-0.031539813,0.738,0.68629944,0.7828,8.055612,1.686399,482.0,14.0,0.0,-0.0035730869424127343
128,0.0494806,0.027407255,-0.009190117,0.06979691,0.738,0.68629944,0.7828,8.077165,1.686399,482.0,15.0,0.0,-0.001474622610355275
129,-0.05955457,0.0494806,0.003328269,-0.009190117,0.738,0.68629944,0.7828,8.098035,1.686399,482.0,16.0,0.0,-0.004865398955138905
130,0.032447975,-0.05955457,-0.08637662,0.003328269,0.738,0.68629944,0.7828,8.117936,1.686399,482.0,17.0,0.0,-0.007466987611544018
131,0.02760788,0.032447975,0.126465,-0.08637662,0.738,0.68629944,0.7828,8.136869,1.686399,482.0,18.0,0.0,-0.004210333006360645
132,0.015836865,0.02760788,0.05334325,0.126465,0.738,0.68629944,0.7828,8.154834,1.686399,482.0,19.0,0.0,0.003517096437407413
133,-0.1117424,-0.080139376,-0.14596583,0.20731509,0.574,0.82627285,0.625,8.406709,2.2512918,483.0,1.0,1.0,0.00031434776660321795
134,-0.21108744,-0.1117424,-0.09009705,-0.14596583,0.574,0.82627285,0.625,8.428799,2.2512918,483.0,2.0,1.0,-0.014855738861359324
135,-0.18918917,-0.21108744,-0.10410871,-0.09009705,0.574,0.82627285,0.625,8.451054,2.2512918,483.0,3.0,1.0,-0.01264193296348487
136,0.0333333,-0.18918917,-0.21867196,-0.10410871,0.574,0.82627285,0.625,8.473868,2.2512918,483.0,4.0,1.0,-0.01742239394910905
137,0.31935486,0.0333333,0.33064145,-0.21867196,0.574,0.82627285,0.625,8.49699,2.2512918,483.0,5.0,1.0,-0.0033336256974219602
138,-0.053789765,0.31935486,-0.09824344,0.33064145,0.574,0.82627285,0.625,8.520786,2.2512918,483.0,6.0,1.0,0.008015634112614745
139,-0.049095593,-0.053789765,-0.09005973,-0.09824344,0.574,0.82627285,0.625,8.545003,2.2512918,483.0,7.0,1.0,-0.012535118544514612
140,0.08695654,-0.049095593,0.47365308,-0.09005973,0.574,0.82627285,0.625,8.5694065,2.2512918,483.0,8.0,1.0,0.008034356403500587
141,0.029999986,0.08695654,-0.18137448,0.47365308,0.574,0.82627285,0.625,8.594339,2.2512918,483.0,9.0,1.0,0.01147993233899336
142,-0.031553425,0.029999986,-0.30302858,-0.18137448,0.574,0.82627285,0.625,8.619389,2.2512918,483.0,10.0,1.0,-0.024196067728379955
143,0.07017543,-0.031553425,0.3913709,-0.30302858,0.574,0.82627285,0.625,8.644707,2.2512918,483.0,11.0,1.0,-0.005260189633008561
144,-0.044496473,0.07017543,0.09809083,0.3913709,0.574,0.82627285,0.625,8.670086,2.2512918,483.0,12.0,1.0,0.017992629526429937
145,-0.1827702,-0.044496473,-0.21088977,0.09809083,0.574,0.82627285,0.625,8.695674,2.2512918,483.0,13.0,1.0,-0.007317119132544014
146,0.066614546,-0.1827702,0.6323304,-0.21088977,0.574,0.82627285,0.625,8.740057,2.2512918,483.0,14.0,1.0,0.007840142820602192
147,-0.026111873,0.066614546,-0.19466266,0.6323304,0.574,0.82627285,0.625,8.773984,2.2512918,483.0,15.0,0.0,0.005873176213996911
148,-0.0045106593,-0.026111873,-0.027493162,-0.19466266,0.574,0.82627285,0.625,8.810907,2.2512918,483.0,16.0,0.0,-0.01498218000777235
149,0.017995058,-0.0045106593,-0.12097266,-0.027493162,0.574,0.82627285,0.625,8.844675,2.2512918,483.0,17.0,1.0,-0.01020286969689807
150,0.038665704,0.017995058,0.18806909,-0.12097266,0.574,0.82627285,0.625,8.875289,2.2512918,483.0,18.0,1.0,-0.0036872591474225724
151,-0.035133827,0.038665704,0.104343496,0.18806909,0.574,0.82627285,0.625,8.902747,2.2512918,483.0,19.0,1.0,0.008336004514154116
152,0.05851886,0.11942027,-0.024177268,0.294671,1.725,0.6572124,0.51919997,7.396335,0.0,484.0,1.0,0.0,0.008917852174297497
153,0.23727992,0.05851886,0.12100341,-0.024177268,1.725,0.6572124,0.51919997,7.4312997,0.0,484.0,2.0,0.0,-0.0013829109466551859
154,0.008303641,0.23727992,-0.21789347,0.12100341,1.725,0.6572124,0.51919997,7.4662275,0.0,484.0,3.0,0.0,-0.006454197479849599
155,0.06784318,0.008303641,0.2681158,-0.21789347,1.725,0.6572124,0.51919997,7.5016346,0.0,484.0,4.0,0.0,-0.005533192845221302
156,-0.009548301,0.06784318,0.051426522,0.2681158,1.725,0.6572124,0.51919997,7.5358305,0.0,484.0,5.0,0.0,0.010332668509093701
157,-0.063403785,-0.009548301,-0.16737422,0.051426522,1.725,0.6572124,0.51919997,7.5694118,0.0,484.0,6.0,0.0,-0.008027832758085024
158,-0.056215342,-0.063403785,0.033922285,-0.16737422,1.725,0.6572124,0.51919997,7.6024013,0.0,484.0,7.0,0.0,-0.011458300968841956
159,-0.018456439,-0.056215342,0.14314143,0.033922285,1.725,0.6572124,0.51919997,7.6348205,0.0,484.0,8.0,0.0,0.002232880052942976
160,-0.009829061,-0.018456439,-0.07950391,0.14314143,1.725,0.6572124,0.51919997,7.6666903,0.0,484.0,9.0,0.0,-0.0004262049655076594
161,-0.045748793,-0.009829061,-0.032010555,-0.07950391,1.725,0.6572124,0.51919997,7.698483,0.0,484.0,10.0,0.0,-0.009547170150252082
162,0.0877431,-0.045748793,-0.17296594,-0.032010555,1.725,0.6572124,0.51919997,7.730175,0.0,484.0,11.0,0.0,-0.012282926621927454
163,-0.068607055,0.0877431,0.109475605,-0.17296594,1.725,0.6572124,0.51919997,7.762171,0.0,484.0,12.0,0.0,-0.009026475740381568
164,-0.037907597,-0.068607055,0.0050351964,0.109475605,1.725,0.6572124,0.51919997,7.794823,0.0,484.0,13.0,0.0,0.0009627774712204218
165,-0.0815251,-0.037907597,0.020621441,0.0050351964,1.725,0.6572124,0.51919997,7.791362,0.0,484.0,14.0,0.0,-0.003555241355657851
166,0.011064418,-0.0815251,0.042304363,0.020621441,1.725,0.6572124,0.51919997,7.819817,0.0,484.0,15.0,0.0,-0.0020218615067754964
167,-0.06947203,0.011064418,-0.061309177,0.042304363,1.725,0.6572124,0.51919997,7.848153,0.0,484.0,16.0,0.0,-0.004675761687402136
168,-0.033129428,-0.06947203,-0.11705007,-0.061309177,1.725,0.6572124,0.51919997,7.8761525,0.0,484.0,17.0,1.0,-0.01170594659850882
169,0.009217792,-0.033129428,0.14693266,-0.11705007,1.725,0.6572124,0.51919997,7.903818,0.0,484.0,18.0,1.0,-0.004968638357706778
170,-0.056046996,0.009217792,0.0850465,0.14693266,1.725,0.6572124,0.51919997,7.931148,0.0,484.0,19.0,1.0,0.005646275469286949
171,-0.1119792,-0.0013003733,0.50462586,-0.17451079,1.538,0.6933391,0.1128,5.7170277,1.5892352,522.0,1.0,0.0,0.005038397892625279
172,-0.0014662568,-0.1119792,-0.14806753,0.50462586,1.538,0.6933391,0.1128,5.749393,1.5892352,522.0,2.0,0.0,0.014534514706228185
173,-0.15124814,-0.0014662568,-0.05661193,-0.14806753,1.538,0.6933391,0.1128,5.7776523,1.5892352,522.0,3.0,0.0,-0.013759657746236553
174,0.019896194,-0.15124814,-0.31335592,-0.05661193,1.538,0.6933391,0.1128,5.9401712,1.5892352,522.0,4.0,0.0,-0.018502219489372473
175,-0.035623457,0.019896194,0.28427628,-0.31335592,1.538,0.6933391,0.1128,6.016157,1.5892352,522.0,5.0,0.0,-0.009594338976722905
176,-0.12840807,-0.035623457,-0.07191328,0.28427628,1.538,0.6933391,0.1128,6.063785,1.5892352,522.0,6.0,0.0,0.006704500981092182
177,0.21392529,-0.12840807,-0.024041532,-0.07191328,1.538,0.6933391,0.1128,6.1312265,1.5892352,522.0,7.0,0.0,-0.008893107817190021
178,0.17373234,0.21392529,0.20213866,-0.024041532,1.538,0.6933391,0.1128,5.913503,1.5892352,522.0,8.0,0.0,0.0015270081607747787
179,-0.021246439,0.17373234,0.113034114,0.20213866,1.538,0.6933391,0.1128,6.0402546,1.5892352,522.0,9.0,0.0,0.009330761535124105
180,-0.010853825,-0.021246439,-0.33530697,0.113034114,1.538,0.6933391,0.1128,6.063785,1.5892352,522.0,10.0,0.0,-0.011042995118313692
181,-0.002194602,-0.010853825,-0.15573508,-0.33530697,1.538,0.6933391,0.1128,6.086775,1.5892352,522.0,11.0,1.0,-0.026406399843747014
182,0.0,0.018987285,0.23238021,-0.09161349,0.316,0.69359326,0.6122,10.537867,4.2682977,530.0,1.0,1.0,-0.0006748003706952277
183,0.0,0.0,-0.03194038,0.23238021,0.316,0.69359326,0.6122,10.564628,4.2682977,530.0,2.0,1.0,0.0056127570212065325
184,0.031055871,0.0,-0.14937054,-0.03194038,0.316,0.69359326,0.6122,10.591019,4.2682977,530.0,3.0,1.0,-0.011435184575771334
185,-0.042168673,0.031055871,-0.20308359,-0.14937054,0.316,0.69359326,0.6122,10.617883,4.2682977,530.0,4.0,1.0,-0.01906428667753557
186,-0.05974841,-0.042168673,0.26747057,-0.20308359,0.316,0.69359326,0.6122,10.646377,4.2682977,530.0,5.0,1.0,-0.004836528644000471
187,0.0434783,-0.05974841,-0.040835444,0.26747057,0.316,0.69359326,0.6122,10.677062,4.2682977,530.0,6.0,1.0,0.006999832768801562
188,0.10554931,0.0434783,0.08795949,-0.040835444,0.316,0.69359326,0.6122,10.709271,4.2682977,530.0,7.0,1.0,-0.0033749250969443145
189,-0.028785588,0.10554931,0.07556813,0.08795949,0.316,0.69359326,0.6122,10.761916,4.2682977,530.0,8.0,1.0,0.0024410366891167434
190,-0.023085235,-0.028785588,0.006643544,0.07556813,0.316,0.69359326,0.6122,10.791111,4.2682977,530.0,9.0,1.0,-0.0006275565819212625
191,-0.01155519,-0.023085235,-0.12210265,0.006643544,0.316,0.69359326,0.6122,10.8231125,4.2682977,530.0,10.0,1.0,-0.008584277706715271
192,-0.078245945,-0.01155519,-0.10277983,-0.12210265,0.316,0.69359326,0.6122,10.853001,4.2682977,530.0,11.0,1.0,-0.014149837214597977
193,-0.08401284,-0.078245945,0.09676052,-0.10277983,0.316,0.69359326,0.6122,10.885247,4.2682977,530.0,12.0,0.0,-0.006070458292558478
194,0.16523172,-0.08401284,0.22829407,0.09676052,0.316,0.69359326,0.6122,10.917087,4.2682977,530.0,13.0,0.0,0.008333867241049009
195,0.0051825116,0.16523172,-0.08137391,0.22829407,0.316,0.69359326,0.6122,10.8836355,4.2682977,530.0,14.0,0.0,0.003645256200964203
196,0.0293524,0.0051825116,-0.058809508,-0.08137391,0.316,0.69359326,0.6122,10.913087,4.2682977,530.0,15.0,0.0,-0.010597017909486556
197,0.07506879,0.0293524,0.36293957,-0.058809508,0.316,0.69359326,0.6122,10.942527,4.2682977,530.0,16.0,1.0,0.005591358879105002
198,0.024374764,0.07506879,-0.1456166,0.36293957,0.316,0.69359326,0.6122,10.972224,4.2682977,530.0,17.0,1.0,0.007890118311728589
199,-0.039038166,0.024374764,-0.15515198,-0.1456166,0.316,0.69359326,0.6122,10.997925,4.2682977,530.0,18.0,1.0,-0.017166674924668168
200,0.035909407,-0.039038166,0.031355564,-0.15515198,0.316,0.69359326,0.6122,11.022981,4.2682977,530.0,19.0,1.0,-0.01095615293654384
201,-0.06107979,-0.009293696,-0.034174405,0.25225517,4.842,0.6881428,0.45499998,6.680855,0.06765865,481.0,1.0,0.0,0.006498728617337468
202,-0.06172299,-0.06107979,0.1152161,-0.034174405,4.842,0.6881428,0.45499998,6.727432,0.06765865,481.0,2.0,0.0,-0.002075858502623845
203,0.017747346,-0.06172299,-0.24062192,0.1152161,4.842,0.6881428,0.45499998,6.774224,0.06765865,481.0,3.0,0.0,-0.0075487667869937325
204,0.03650315,0.017747346,0.3696651,-0.24062192,4.842,0.6881428,0.45499998,6.8200164,0.06765865,481.0,4.0,0.0,-0.003003971035389519
205,-0.08658595,0.03650315,-0.017698199,0.3696651,4.842,0.6881428,0.45499998,6.8638034,0.06765865,481.0,5.0,0.0,0.012794374138470038
206,-0.010314297,-0.08658595,-0.074163556,-0.017698199,4.842,0.6881428,0.45499998,6.904751,0.06765865,481.0,6.0,0.0,-0.008051834632840399
207,-0.14838716,-0.010314297,-0.042209957,-0.074163556,4.842,0.6881428,0.45499998,6.930495,0.06765865,481.0,7.0,0.0,-0.009652604264958176
208,-0.0434149,-0.14838716,0.15233499,-0.042209957,4.842,0.6881428,0.45499998,6.9565454,0.06765865,481.0,8.0,0.0,-0.0011381298312141963
209,0.16752969,-0.0434149,-0.09106271,0.15233499,4.842,0.6881428,0.45499998,6.9819345,0.06765865,481.0,9.0,0.0,-0.0003930194885742311
210,0.03261153,0.16752969,-0.07525507,-0.09106271,4.842,0.6881428,0.45499998,7.007601,0.06765865,481.0,10.0,0.0,-0.011656372518459496
211,-0.06619501,0.03261153,-0.13440384,-0.07525507,4.842,0.6881428,0.45499998,7.035269,0.06765865,481.0,11.0,0.0,-0.013004692925755762
212,-0.020021677,-0.06619501,0.10287934,-0.13440384,4.842,0.6881428,0.45499998,7.0630484,0.06765865,481.0,12.0,0.0,-0.007388415505223261
213,-0.0016695225,-0.020021677,0.04220813,0.10287934,4.842,0.6881428,0.45499998,7.09091,0.06765865,481.0,13.0,0.0,0.001972388670468145
214,0.009318237,-0.0016695225,-0.013287161,0.04220813,4.842,0.6881428,0.45499998,6.951772,0.06765865,481.0,14.0,0.0,-0.0029620313991590708
215,0.043214574,0.009318237,0.011757596,-0.013287161,4.842,0.6881428,0.45499998,6.976348,0.06765865,481.0,15.0,0.0,-0.0047628804784316525
216,0.026294038,0.043214574,-0.0032506788,0.011757596,4.842,0.6881428,0.45499998,7.0012455,0.06765865,481.0,16.0,0.0,-0.004082769659097263
217,0.03230889,0.026294038,-0.11912937,-0.0032506788,4.842,0.6881428,0.45499998,7.0255384,0.06765865,481.0,17.0,0.0,-0.00895873703893868
218,-0.003198497,0.03230889,0.15647589,-0.11912937,4.842,0.6881428,0.45499998,7.049836,0.06765865,481.0,18.0,0.0,-0.0047281988957600385
219,-0.08372228,-0.003198497,0.12334182,0.15647589,4.842,0.6881428,0.45499998,7.0738373,0.06765865,481.0,19.0,0.0,0.007480421429397893
220,-0.12586033,-0.013579106,0.2601933,-0.19194487,1.031,0.7278148,0.18180001,6.452049,0.0,420.0,1.0,1.0,-0.004555600199021154
221,-0.019122632,-0.12586033,-0.11188112,0.2601933,1.031,0.7278148,0.18180001,6.4861608,0.0,420.0,2.0,0.0,0.004103881250757224
222,-0.1731651,-0.019122632,-0.22891897,-0.11188112,1.031,0.7278148,0.18180001,6.5191474,0.0,420.0,3.0,0.0,-0.018166805587951196
223,0.11095698,-0.1731651,0.154777,-0.22891897,1.031,0.7278148,0.18180001,6.552508,0.0,420.0,4.0,0.0,-0.010124712515830803
224,-0.03995007,0.11095698,0.10649745,0.154777,1.031,0.7278148,0.18180001,6.584791,0.0,420.0,5.0,0.0,0.006795101707366025
225,0.09622887,-0.03995007,0.25649866,0.10649745,1.031,0.7278148,0.18180001,6.617403,0.0,420.0,6.0,0.0,0.00981634290357919
226,0.011862385,0.09622887,0.01941438,0.25649866,1.031,0.7278148,0.18180001,6.6489844,0.0,420.0,7.0,0.0,0.008622567120667585
227,-0.057444274,0.011862385,0.1483352,0.01941438,1.031,0.7278148,0.18180001,6.680855,0.0,420.0,8.0,0.0,0.0017136554460358833
228,0.0049751345,-0.057444274,-0.08798131,0.1483352,1.031,0.7278148,0.18180001,6.7129564,0.0,420.0,9.0,0.0,-0.00047714332532688974
229,-0.011138618,0.0049751345,-0.23776111,-0.08798131,1.031,0.7278148,0.18180001,6.744059,0.0,420.0,10.0,0.0,-0.01732169129144459
230,-0.013032082,-0.011138618,0.022939002,-0.23776111,1.031,0.7278148,0.18180001,6.774224,0.0,420.0,11.0,0.0,-0.015272092381868663
231,-0.007978335,-0.013032082,0.05837412,0.022939002,1.031,0.7278148,0.18180001,6.784457,0.0,420.0,12.0,0.0,-0.0013341932234796905
232,-0.008393826,-0.007978335,0.072416544,0.05837412,1.031,0.7278148,0.18180001,6.790097,0.0,420.0,13.0,0.0,0.0008904266204628752
233,-0.03212122,-0.008393826,0.17620254,0.072416544,1.031,0.7278148,0.18180001,6.9465337,0.0,420.0,14.0,0.0,0.005286732304517927
234,-0.022602938,-0.03212122,-0.18668692,0.17620254,1.031,0.7278148,0.18180001,6.981275,0.0,420.0,15.0,0.0,-0.0026548597351368775
235,-0.008846904,-0.022602938,0.022060161,-0.18668692,1.031,0.7278148,0.18180001,7.0130157,0.0,420.0,16.0,0.0,-0.012821359884322897
236,0.017218538,-0.008846904,-0.06792577,0.022060161,1.031,0.7278148,0.18180001,7.043928,0.0,420.0,17.0,0.0,-0.005896386446629764
237,0.018114341,0.017218538,0.0021845181,-0.06792577,1.031,0.7278148,0.18180001,7.074015,0.0,420.0,18.0,0.0,-0.00776085071159105
238,0.034760576,0.018114341,0.21728992,0.0021845181,1.031,0.7278148,0.18180001,7.1032724,0.0,420.0,19.0,0.0,0.003343750093560971
239,-0.04098363,0.028451012,-0.06335231,-0.10158425,0.949,0.7061233,0.70159996,9.281731,0.0,452.0,1.0,1.0,-0.011741789001408709
240,-0.150641,-0.04098363,-0.122751646,-0.06335231,0.949,0.7061233,0.70159996,9.308374,0.0,452.0,2.0,0.0,-0.012009265558381554
241,-0.031446584,-0.150641,-0.1427994,-0.122751646,0.949,0.7061233,0.70159996,9.338382,0.0,452.0,3.0,1.0,-0.015613427849862221
242,0.019480579,-0.031446584,0.39939544,-0.1427994,0.949,0.7061233,0.70159996,9.371353,0.0,452.0,4.0,0.0,0.0028140183555787623
243,0.0089171585,0.019480579,0.07719622,0.39939544,0.949,0.7061233,0.70159996,9.406565,0.0,452.0,5.0,0.0,0.017634931037056045
244,0.018939376,0.0089171585,-0.11889943,0.07719622,0.949,0.7061233,0.70159996,9.443038,0.0,452.0,6.0,0.0,-0.0050408288990611005
245,0.0012392153,0.018939376,0.17586488,-0.11889943,0.949,0.7061233,0.70159996,9.478304,0.0,452.0,7.0,0.0,-0.004023213415467353
246,0.0037128234,0.0012392153,-0.1357959,0.17586488,0.949,0.7061233,0.70159996,9.512369,0.0,452.0,8.0,0.0,-0.0008501989982348246
247,0.0123304445,0.0037128234,0.14511237,-0.1357959,0.949,0.7061233,0.70159996,9.545169,0.0,452.0,9.0,0.0,-0.0059448133263063085
248,0.09866021,0.0123304445,-0.18107352,0.14511237,0.949,0.7061233,0.70159996,9.576718,0.0,452.0,10.0,0.0,-0.003964958400374058
249,0.014412429,0.09866021,0.2953261,-0.18107352,0.949,0.7061233,0.70159996,9.607101,0.0,452.0,11.0,0.0,-0.0027700750372148253
250,0.044808686,0.014412429,-0.30015677,0.2953261,0.949,0.7061233,0.70159996,9.637959,0.0,452.0,12.0,0.0,-0.00092588805480745
251,0.021042498,0.044808686,0.09606183,-0.30015677,0.949,0.7061233,0.70159996,9.667006,0.0,452.0,13.0,0.0,-0.01568788300506388
252,0.005860309,0.021042498,-0.11449295,0.09606183,0.949,0.7061233,0.70159996,9.692794,0.0,452.0,14.0,0.0,-0.003966289139498674
253,0.013188408,0.005860309,0.16527142,-0.11449295,0.949,0.7061233,0.70159996,9.719538,0.0,452.0,15.0,0.0,-0.004188134218512607
254,0.020081673,0.013188408,-0.08037986,0.16527142,0.949,0.7061233,0.70159996,9.745371,0.0,452.0,16.0,0.0,0.0006179569861789469
255,0.01701604,0.020081673,0.04098796,-0.08037986,0.949,0.7061233,0.70159996,9.771281,0.0,452.0,17.0,0.0,-0.006977581269698219
256,0.022993533,0.01701604,-0.19910958,0.04098796,0.949,0.7061233,0.70159996,9.797271,0.0,452.0,18.0,0.0,-0.009670751536653366
257,0.020339634,0.022993533,0.4096406,-0.19910958,0.949,0.7061233,0.70159996,9.823338,0.0,452.0,19.0,0.0,0.0004439811896886636
258,-0.05752753,0.07499997,0.120950654,-0.06600469,0.76,0.7496075,0.2662,8.403129,1.4350846,438.0,1.0,0.0,-0.003417591052913116
259,0.015584447,-0.05752753,-0.122511655,0.120950654,0.76,0.7496075,0.2662,8.422223,1.4350846,438.0,2.0,0.0,-0.0030436436641461395
260,-0.04475707,0.015584447,-0.2123888,-0.122511655,0.76,0.7496075,0.2662,8.443116,1.4350846,438.0,3.0,0.0,-0.018091933154758405
261,-0.064257,-0.04475707,0.026929125,-0.2123888,0.76,0.7496075,0.2662,8.46569,1.4350846,438.0,4.0,0.0,-0.013896228986422232
262,0.018598013,-0.064257,0.07666808,0.026929125,0.76,0.7496075,0.2662,8.489616,1.4350846,438.0,5.0,0.0,-0.00048564894911479195
263,0.029494336,0.018598013,0.17772707,0.07666808,0.76,0.7496075,0.2662,8.51459,1.4350846,438.0,6.0,0.0,0.005547908259329298
264,0.013642552,0.029494336,-0.009513181,0.17772707,0.76,0.7496075,0.2662,8.540519,1.4350846,438.0,7.0,0.0,0.0037591700639501013
265,0.04306865,0.013642552,0.06621926,-0.009513181,0.76,0.7496075,0.2662,8.567316,1.4350846,438.0,8.0,0.0,-0.002630625059901248
266,0.0,0.04306865,0.041125398,0.06621926,0.76,0.7496075,0.2662,8.594894,1.4350846,438.0,9.0,0.0,0.00015198247424946798
267,-0.010322525,0.0,-0.05193046,0.041125398,0.76,0.7496075,0.2662,8.622813,1.4350846,438.0,10.0,0.0,-0.0043974532736121286
268,-0.0052151345,-0.010322525,0.07408914,-0.05193046,0.76,0.7496075,0.2662,8.651199,1.4350846,438.0,11.0,0.0,-0.0044104704098016645
269,-0.03014417,-0.0052151345,-0.014634098,0.07408914,0.76,0.7496075,0.2662,8.679312,1.4350846,438.0,12.0,0.0,-0.0014608283081814777
270,0.01946301,-0.03014417,-0.0728534,-0.014634098,0.76,0.7496075,0.2662,8.715552,1.4350846,438.0,13.0,0.0,-0.007856038542339516
271,0.014040135,0.01946301,0.14537252,-0.0728534,0.76,0.7496075,0.2662,8.742014,1.4350846,438.0,14.0,0.0,-0.0028765294001365793
272,0.017258778,0.014040135,-0.17379808,0.14537252,0.76,0.7496075,0.2662,8.768043,1.4350846,438.0,15.0,0.0,-0.0036919728096839743
273,0.020660978,0.017258778,-0.057774805,-0.17379808,0.76,0.7496075,0.2662,8.79346,1.4350846,438.0,16.0,0.0,-0.015051761933524671
274,0.023210002,0.020660978,-0.062982254,-0.057774805,0.76,0.7496075,0.2662,8.818177,1.4350846,438.0,17.0,0.0,-0.009599429364900908
275,0.021257352,0.023210002,0.06479765,-0.062982254,0.76,0.7496075,0.2662,8.842112,1.4350846,438.0,18.0,1.0,-0.005280066434996705
276,0.009895306,0.021257352,-0.065915205,0.06479765,0.76,0.7496075,0.2662,8.865477,1.4350846,438.0,19.0,1.0,-0.0037474198069344378
277,0.21656057,-0.15287772,0.17064415,-0.04880325,0.556,0.80375695,0.54499996,6.695799,0.0,404.0,1.0,0.0,-0.0008033904974638906
278,0.10471205,0.21656057,0.023161817,0.17064415,0.556,0.80375695,0.54499996,6.7141705,0.0,404.0,2.0,0.0,0.00458417712551254
279,-0.042654045,0.10471205,-0.21503654,0.023161817,0.556,0.80375695,0.54499996,6.7322106,0.0,404.0,3.0,0.0,-0.011107019527501066
280,0.034653414,-0.042654045,0.09845956,-0.21503654,0.556,0.80375695,0.54499996,6.7499313,0.0,404.0,4.0,0.0,-0.01146528162315158
281,0.03668262,0.034653414,0.018551834,0.09845956,0.556,0.80375695,0.54499996,6.768493,0.0,404.0,5.0,0.0,0.0009110788572914419
282,-0.03538462,0.03668262,0.054580722,0.018551834,0.556,0.80375695,0.54499996,6.786717,0.0,404.0,6.0,0.0,-0.001683149401896289
283,0.0,-0.03538462,0.20524469,0.054580722,0.556,0.80375695,0.54499996,6.8057227,0.0,404.0,7.0,0.0,0.005459156700321155
284,0.043062218,0.0,0.096900314,0.20524469,0.556,0.80375695,0.54499996,6.82546,0.0,404.0,8.0,0.0,0.008904385430145767
285,0.06727833,0.043062218,-0.010923753,0.096900314,0.556,0.80375695,0.54499996,6.8448153,0.0,404.0,9.0,0.0,-0.0002194463748464992
286,-0.012893987,0.06727833,-0.21970123,-0.010923753,0.556,0.80375695,0.54499996,6.865891,0.0,404.0,10.0,0.0,-0.012930481635057667
287,-0.13933238,-0.012893987,0.17590198,-0.21970123,0.556,0.80375695,0.54499996,6.8875527,0.0,404.0,11.0,0.0,-0.008920804132479615
288,0.06913998,-0.13933238,-0.076031744,0.17590198,0.556,0.80375695,0.54499996,6.908755,0.0,404.0,12.0,0.0,0.0012901888520492621
289,-0.0011880503,0.06913998,0.2213844,-0.076031744,0.556,0.80375695,0.54499996,6.929517,0.0,404.0,13.0,0.0,-0.00031100628549246556
290,0.008535894,-0.0011880503,-0.12570615,0.2213844,0.556,0.80375695,0.54499996,6.9420505,0.0,404.0,14.0,0.0,0.0017230764174610558
291,0.019053213,0.008535894,0.011130991,-0.12570615,0.556,0.80375695,0.54499996,6.9654393,0.0,404.0,15.0,0.0,-0.010248810757032767
292,0.021861792,0.019053213,0.009940666,0.011130991,0.556,0.80375695,0.54499996,6.9902563,0.0,404.0,16.0,0.0,-0.0036411867503958195
293,0.031022603,0.021861792,-0.022376351,0.009940666,0.556,0.80375695,0.54499996,7.0138435,0.0,404.0,17.0,0.0,-0.004855459584254318
294,-0.29643786,0.031022603,-0.07072976,-0.022376351,0.556,0.80375695,0.54499996,7.0362015,0.0,404.0,18.0,1.0,-0.008156316486189918
295,0.0566301,-0.29643786,0.2175905,-0.07072976,0.556,0.80375695,0.54499996,7.057321,0.0,404.0,19.0,1.0,-0.00018909236797864937
296,0.0,-0.19658886,-0.049165342,-0.08378946,2.228,0.85929346,0.5592,9.011157,0.33647224,437.0,1.0,0.0,-0.01036930816624232
297,-0.05195527,0.0,0.01387099,-0.049165342,2.228,0.85929346,0.5592,9.04629,0.33647224,437.0,2.0,0.0,-0.006430917434284422
298,-0.046552736,-0.05195527,-0.24158297,0.01387099,2.228,0.85929346,0.5592,9.07989,0.33647224,437.0,3.0,0.0,-0.012508479641450243
299,-0.048825707,-0.046552736,0.36971775,-0.24158297,2.228,0.85929346,0.5592,9.113389,0.33647224,437.0,4.0,0.0,-0.0030487935827190338
300,0.0038985852,-0.048825707,-0.0046061403,0.36971775,2.228,0.85929346,0.5592,9.148358,0.33647224,437.0,5.0,0.0,0.013265415681091103
301,0.008414247,0.0038985852,-0.06418446,-0.0046061403,2.228,0.85929346,0.5592,9.185535,0.33647224,437.0,6.0,0.0,-0.00705847762687889
302,-0.024390236,0.008414247,0.09673984,-0.06418446,2.228,0.85929346,0.5592,9.224342,0.33647224,437.0,7.0,0.0,-0.004195482150887803
303,-0.06644734,-0.024390236,-0.10214645,0.09673984,2.228,0.85929346,0.5592,9.2640705,0.33647224,437.0,8.0,0.0,-0.003491534282063169
304,-0.058491938,-0.06644734,0.11669823,-0.10214645,2.228,0.85929346,0.5592,9.304286,0.33647224,437.0,9.0,0.0,-0.005326230573251489
305,-0.0920658,-0.058491938,-0.15187378,0.11669823,2.228,0.85929346,0.5592,9.344696,0.33647224,437.0,10.0,0.0,-0.0043009959386375585
306,-0.04534218,-0.0920658,0.09762766,-0.15187378,2.228,0.85929346,0.5592,9.384461,0.33647224,437.0,11.0,0.0,-0.008425370797865234
307,-0.04663214,-0.04534218,-0.11669874,0.09762766,2.228,0.85929346,0.5592,9.422221,0.33647224,437.0,12.0,0.0,-0.003969121973605577
308,-0.03373677,-0.04663214,0.03706369,-0.11669874,2.228,0.85929346,0.5592,9.463897,0.33647224,437.0,13.0,0.0,-0.008883086159354653
309,-0.012325592,-0.03373677,0.040220205,0.03706369,2.228,0.85929346,0.5592,9.452906,0.33647224,437.0,14.0,0.0,-0.0012973551890159696
310,0.037975624,-0.012325592,0.03294967,0.040220205,2.228,0.85929346,0.5592,9.482825,0.33647224,437.0,15.0,0.0,-0.001404117008644623
311,0.03750298,0.037975624,-0.10122623,0.03294967,2.228,0.85929346,0.5592,9.512517,0.33647224,437.0,16.0,0.0,-0.00655877650759934
312,0.035921488,0.03750298,-0.05397335,-0.10122623,2.228,0.85929346,0.5592,9.538836,0.33647224,437.0,17.0,0.0,-0.01138877517114456
313,0.016277136,0.035921488,0.007980389,-0.05397335,2.228,0.85929346,0.5592,9.561783,0.33647224,437.0,18.0,0.0,-0.00687537199081828
314,0.00085970346,0.016277136,0.08135435,0.007980389,2.228,0.85929346,0.5592,9.581358,0.33647224,437.0,19.0,0.0,-0.0012388560219691314
315,-0.045005497,-0.021482257,0.29520345,-0.31851825,0.931,0.8332538,0.7046,9.719084,3.3068867,501.0,1.0,0.0,-0.009454210724163858
316,-0.011494242,-0.045005497,0.32208565,0.29520345,0.931,0.8332538,0.7046,9.758693,3.3068867,501.0,2.0,1.0,0.021334309989974987
317,-0.027906964,-0.011494242,-0.37936902,0.32208565,0.931,0.8332538,0.7046,9.798738,3.3068867,501.0,3.0,0.0,-0.007513308911297895
318,-0.0035885416,-0.027906964,0.00897001,-0.37936902,0.931,0.8332538,0.7046,9.838629,3.3068867,501.0,4.0,0.0,-0.022654030438527928
319,-0.046818696,-0.0035885416,0.16356128,0.00897001,0.931,0.8332538,0.7046,9.877657,3.3068867,501.0,5.0,0.0,0.0017509101945019645
320,0.07934504,-0.046818696,-0.09955348,0.16356128,0.931,0.8332538,0.7046,9.915465,3.3068867,501.0,6.0,0.0,-0.00015125874852572885
321,0.028004656,0.07934504,-0.15454184,-0.09955348,0.931,0.8332538,0.7046,9.952278,3.3068867,501.0,7.0,0.0,-0.014906196680258332
322,0.023836581,0.028004656,0.22639886,-0.15454184,0.931,0.8332538,0.7046,9.988242,3.3068867,501.0,8.0,0.0,-0.003947122526835767
323,0.01330373,0.023836581,0.028486421,0.22639886,0.931,0.8332538,0.7046,10.02349,3.3068867,501.0,9.0,0.0,0.007484363052250975
324,-0.0032822336,0.01330373,-0.04180358,0.028486421,0.931,0.8332538,0.7046,10.058181,3.3068867,501.0,10.0,0.0,-0.004649323783469772
325,-0.0098792575,-0.0032822336,-0.22944231,-0.04180358,0.931,0.8332538,0.7046,10.092454,3.3068867,501.0,11.0,0.0,-0.014779798399016608
326,0.01330373,-0.0098792575,0.06673036,-0.22944231,0.931,0.8332538,0.7046,10.126871,3.3068867,501.0,12.0,0.0,-0.013300784346899186
327,-0.02293892,0.01330373,-0.11274029,0.06673036,0.931,0.8332538,0.7046,10.153039,3.3068867,501.0,13.0,0.0,-0.0053290675456173775
328,0.0011348244,-0.02293892,0.23775357,-0.11274029,0.931,0.8332538,0.7046,10.157495,3.3068867,501.0,14.0,0.0,-0.0015092736436723708
329,0.020287449,0.0011348244,-0.087669656,0.23775357,0.931,0.8332538,0.7046,10.185156,3.3068867,501.0,15.0,0.0,0.0038796979694716016
330,0.018231245,0.020287449,-0.13519923,-0.087669656,0.931,0.8332538,0.7046,10.21156,3.3068867,501.0,16.0,0.0,-0.013636497773790224
331,-0.002014945,0.018231245,0.8901613,-0.13519923,0.931,0.8332538,0.7046,10.23703,3.3068867,501.0,17.0,0.0,0.012590694744199937
332,-0.006018526,-0.002014945,-0.26930737,0.8901613,0.931,0.8332538,0.7046,10.261567,3.3068867,501.0,18.0,0.0,-0.006034757455236239
333,-0.007978286,-0.006018526,-0.2720646,-0.26930737,0.931,0.8332538,0.7046,10.285169,3.3068867,501.0,19.0,0.0,-0.027361556375172846
334,0.026156904,0.012219984,0.32205835,-0.13730651,0.982,0.2224825,0.32,7.1996784,4.4212475,570.0,1.0,0.0,0.00031356008174751593
335,0.008823591,0.026156904,-0.26959646,0.32205835,0.982,0.2224825,0.32,7.226936,4.4212475,570.0,2.0,0.0,0.0014668483305015911
336,-0.015549107,0.008823591,0.12200606,-0.26959646,0.982,0.2224825,0.32,7.2555914,4.4212475,570.0,3.0,0.0,-0.013274285361885185
337,0.007897351,-0.015549107,-0.06599726,0.12200606,0.982,0.2224825,0.32,7.284821,4.4212475,570.0,4.0,0.0,-0.0009700552303456011
338,-0.04505387,0.007897351,0.12238378,-0.06599726,0.982,0.2224825,0.32,7.3138866,4.4212475,570.0,5.0,0.0,-0.0033659473554326635
339,-0.04820518,-0.04505387,0.079743624,0.12238378,0.982,0.2224825,0.32,7.342779,4.4212475,570.0,6.0,0.0,0.004263455162650476
340,0.022629341,-0.04820518,0.15181956,0.079743624,0.982,0.2224825,0.32,7.37086,4.4212475,570.0,7.0,0.0,0.004770310686696422
341,0.1159115,0.022629341,0.10989758,0.15181956,0.982,0.2224825,0.32,7.398786,4.4212475,570.0,8.0,0.0,0.006773040922321005
342,-0.028328585,0.1159115,-0.13707164,0.10989758,0.982,0.2224825,0.32,7.425954,4.4212475,570.0,9.0,0.0,-0.004101828333366447
343,-0.055393625,-0.028328585,-0.23924625,-0.13707164,0.982,0.2224825,0.32,7.4524026,4.4212475,570.0,10.0,0.0,-0.01976060123413076
344,0.016460877,-0.055393625,0.22270168,-0.23924625,0.982,0.2224825,0.32,7.4776044,4.4212475,570.0,11.0,0.0,-0.008196014435998045
345,-0.036437202,0.016460877,-0.29936892,0.22270168,0.982,0.2224825,0.32,7.502738,4.4212475,570.0,12.0,0.0,-0.0044272072128561935
346,0.014782014,-0.036437202,0.44437036,-0.29936892,0.982,0.2224825,0.32,7.526179,4.4212475,570.0,13.0,0.0,-0.003185813233290452
347,0.011934627,0.014782014,-0.16646695,0.44437036,0.982,0.2224825,0.32,7.519871,4.4212475,570.0,14.0,0.0,0.01110151154185901
348,0.022635322,0.011934627,0.23491938,-0.16646695,0.982,0.2224825,0.32,7.5417786,4.4212475,570.0,15.0,0.0,-0.004221781011734371
349,0.07607472,0.022635322,0.20044604,0.23491938,0.982,0.2224825,0.32,7.5632005,4.4212475,570.0,16.0,0.0,0.014051813855656431
350,0.05687934,0.07607472,-0.1394046,0.20044604,0.982,0.2224825,0.32,7.5852203,4.4212475,570.0,17.0,0.0,0.00021530061357430408
351,-0.070821434,0.05687934,0.005001028,-0.1394046,0.982,0.2224825,0.32,7.6078334,4.4212475,570.0,18.0,1.0,-0.011133901723392153
352,0.0024536117,-0.070821434,-0.14582025,0.005001028,0.982,0.2224825,0.32,7.6310434,4.4212475,570.0,19.0,0.0,-0.009512807530841633
353,0.03775623,-0.08669951,0.050644252,-0.102514185,1.015,0.82991225,0.64,7.538495,0.47000363,450.0,1.0,0.0,-0.007707760456064722
354,-0.02702705,0.03775623,-0.045784205,0.050644252,1.015,0.82991225,0.64,7.5699277,0.47000363,450.0,2.0,0.0,-0.003714905644779082
355,-0.016025625,-0.02702705,-0.23287398,-0.045784205,1.015,0.82991225,0.64,7.6014023,0.47000363,450.0,3.0,0.0,-0.015096052806582244
356,-0.056460354,-0.016025625,0.23614292,-0.23287398,1.015,0.82991225,0.64,7.6333694,0.47000363,450.0,4.0,0.0,-0.007405347433425691
357,-0.018412005,-0.056460354,-0.06540326,0.23614292,1.015,0.82991225,0.64,7.664816,0.47000363,450.0,5.0,0.0,0.004598196011890793
358,-0.07620164,-0.018412005,0.075657055,-0.06540326,1.015,0.82991225,0.64,7.695758,0.47000363,450.0,6.0,0.0,-0.005009136058571617
359,0.096446745,-0.07620164,0.042235214,0.075657055,1.015,0.82991225,0.64,7.7266536,0.47000363,450.0,7.0,0.0,0.0006503680693347169
360,0.008101816,0.096446745,-0.001238811,0.042235214,1.015,0.82991225,0.64,7.7319307,0.47000363,450.0,8.0,0.0,-0.002529580148730559
361,-0.030998863,0.008101816,0.08637913,-0.001238811,1.015,0.82991225,0.64,7.7579064,0.47000363,450.0,9.0,1.0,-0.001507099240131815
362,-0.049763028,-0.030998863,-0.23038451,0.08637913,1.015,0.82991225,0.64,7.783224,0.47000363,450.0,10.0,1.0,-0.008583896676428726
363,-0.072319165,-0.049763028,-0.007798068,-0.23038451,1.015,0.82991225,0.64,7.8079166,0.47000363,450.0,11.0,1.0,-0.01601348043389153
364,-0.13922766,-0.011055253,0.056894213,0.035231527,0.995,0.062190413,0.5566,9.072686,3.5204608,580.0,1.0,0.0,-0.0007897391087141603
365,-0.030696603,-0.13922766,0.11514962,0.056894213,0.995,0.062190413,0.5566,9.099521,3.5204608,580.0,2.0,0.0,0.0023476529923295297
366,-0.03166865,-0.030696603,-0.13987966,0.11514962,0.995,0.062190413,0.5566,9.125762,3.5204608,580.0,3.0,0.0,-0.003947063199775808
367,-0.036478043,-0.03166865,0.08915483,-0.13987966,0.995,0.062190413,0.5566,9.152182,3.5204608,580.0,4.0,0.0,-0.008145651934248155
368,0.0039164764,-0.036478043,-0.16764963,0.08915483,0.995,0.062190413,0.5566,9.179675,3.5204608,580.0,5.0,0.0,-0.006204110597720247
369,-0.050715182,0.0039164764,0.13537495,-0.16764963,0.995,0.062190413,0.5566,9.208839,3.5204608,580.0,6.0,0.0,-0.007841330332372609
370,-0.026027389,-0.050715182,-0.14891253,0.13537495,0.995,0.062190413,0.5566,9.239122,3.5204608,580.0,7.0,0.0,-0.0032873518703580573
371,-0.036568243,-0.026027389,0.0655529,-0.14891253,0.995,0.062190413,0.5566,9.270212,3.5204608,580.0,8.0,0.0,-0.009429210251845094
372,-0.007299263,-0.036568243,0.19090757,0.0655529,0.995,0.062190413,0.5566,9.301734,3.5204608,580.0,9.0,0.0,0.00547936347347891
373,-0.007352934,-0.007299263,-0.282499,0.19090757,0.995,0.062190413,0.5566,9.333531,3.5204608,580.0,10.0,0.0,-0.00536871667340616
374,-0.054814816,-0.007352934,0.14244299,-0.282499,0.995,0.062190413,0.5566,9.365034,3.5204608,580.0,11.0,0.0,-0.013170032792790692
375,-0.047021993,-0.054814816,-0.06775913,0.14244299,0.995,0.062190413,0.5566,9.395325,3.5204608,580.0,12.0,0.0,-3.987669633773172e-05
376,-0.0072616693,-0.047021993,0.08351318,-0.06775913,0.995,0.062190413,0.5566,9.422706,3.5204608,580.0,13.0,0.0,-0.004842508684381852
377,-0.030022584,-0.0072616693,0.063847855,0.08351318,0.995,0.062190413,0.5566,9.437141,3.5204608,580.0,14.0,0.0,0.0018055529607960974
378,-0.013015172,-0.030022584,0.024276165,0.063847855,0.995,0.062190413,0.5566,9.46616,3.5204608,580.0,15.0,0.0,-0.0005661951649383323
379,-0.008964724,-0.013015172,-0.06170333,0.024276165,0.995,0.062190413,0.5566,9.49552,3.5204608,580.0,16.0,0.0,-0.005566027580399341
380,0.0050234334,-0.008964724,-0.022662938,-0.06170333,0.995,0.062190413,0.5566,9.526431,3.5204608,580.0,17.0,0.0,-0.008347577984758964
381,0.007552302,0.0050234334,0.023661802,-0.022662938,0.995,0.062190413,0.5566,9.557343,3.5204608,580.0,18.0,0.0,-0.004792561695374453
382,0.015320449,0.007552302,-0.1693747,0.023661802,0.995,0.062190413,0.5566,9.588255,3.5204608,580.0,19.0,0.0,-0.009448769251379496
383,-0.075812265,0.0018084028,-0.2824872,0.0065924404,0.553,0.62026966,0.615,8.722254,2.2823825,553.0,1.0,0.0,-0.014325919787077007
384,-0.033203162,-0.075812265,0.3306995,-0.2824872,0.553,0.62026966,0.615,8.75274,2.2823825,553.0,2.0,0.0,-0.006432937976793729
385,-0.016161649,-0.033203162,-0.20658238,0.3306995,0.553,0.62026966,0.615,8.783703,2.2823825,553.0,3.0,0.0,0.004141683236377536
386,0.043121208,-0.016161649,0.20691967,-0.20658238,0.553,0.62026966,0.615,8.81537,2.2823825,553.0,4.0,0.0,-0.007173305579110334
387,0.01968502,0.043121208,0.071882755,0.20691967,0.553,0.62026966,0.615,8.847504,2.2823825,553.0,5.0,0.0,0.008090566902571067
388,-0.030888094,0.01968502,-0.079155825,0.071882755,0.553,0.62026966,0.615,8.880168,2.2823825,553.0,6.0,0.0,-0.003876886017840142
389,-0.017928235,-0.030888094,-0.29519862,-0.079155825,0.553,0.62026966,0.615,8.913281,2.2823825,553.0,7.0,0.0,-0.018948105747925548
390,0.0,-0.017928235,0.28594166,-0.29519862,0.553,0.62026966,0.615,8.946635,2.2823825,553.0,8.0,0.0,-0.008652309537565323
391,0.064908676,0.0,0.29138225,0.28594166,0.553,0.62026966,0.615,8.980298,2.2823825,553.0,9.0,0.0,0.01978550914108229
392,-0.011428539,0.064908676,-0.38797152,0.29138225,0.553,0.62026966,0.615,9.014325,2.2823825,553.0,10.0,0.0,-0.00771975132143618
393,0.0539499,-0.011428539,0.24760713,-0.38797152,0.553,0.62026966,0.615,9.048645,2.2823825,553.0,11.0,0.0,-0.014532779927961148
394,-0.09323583,0.0539499,-0.35326216,0.24760713,0.553,0.62026966,0.615,9.082052,2.2823825,553.0,12.0,0.0,-0.005145315992933774
395,0.067250624,-0.09323583,0.40248844,-0.35326216,0.553,0.62026966,0.615,9.111293,2.2823825,553.0,13.0,0.0,-0.007303689987965489
396,-0.12609075,0.067250624,-0.2093347,0.40248844,0.553,0.62026966,0.615,9.130902,2.2823825,553.0,14.0,0.0,0.007532102397325491
397,0.13645928,-0.12609075,0.13767707,-0.2093347,0.553,0.62026966,0.615,9.158321,2.2823825,553.0,15.0,0.0,-0.009784825938698422
398,0.045503665,0.13645928,0.09638557,0.13767707,0.553,0.62026966,0.615,9.18574,2.2823825,553.0,16.0,0.0,0.005602212604207513
399,0.011442463,0.045503665,0.06256306,0.09638557,0.553,0.62026966,0.615,9.211939,2.2823825,553.0,17.0,0.0,0.0023851700680050936
400,-0.004429538,0.011442463,-0.27037805,0.06256306,0.553,0.62026966,0.615,9.237576,2.2823825,553.0,18.0,0.0,-0.01117246435302996
401,0.01465121,-0.004429538,0.53369886,-0.27037805,0.553,0.62026966,0.615,9.262319,2.2823825,553.0,19.0,0.0,0.0014196364054366306
402,-0.03759395,-0.034482747,-0.05856149,0.026990484,0.551,0.7783107,0.18180001,8.793308,0.33647224,432.0,1.0,0.0,-0.005321686226877953
403,0.02343743,-0.03759395,-0.17229155,-0.05856149,0.551,0.7783107,0.18180001,8.814776,0.33647224,432.0,2.0,0.0,-0.013549156913330362
404,-0.040076274,0.02343743,-0.083496526,-0.17229155,0.551,0.7783107,0.18180001,8.83681,0.33647224,432.0,3.0,0.0,-0.015898964596340992
405,0.0059641376,-0.040076274,-0.00034777075,-0.083496526,0.551,0.7783107,0.18180001,8.859506,0.33647224,432.0,4.0,0.0,-0.008608196612284041
406,0.051383447,0.0059641376,0.1977074,-0.00034777075,0.551,0.7783107,0.18180001,8.8832245,0.33647224,432.0,5.0,0.0,0.0025199463560741653
407,0.0338346,0.051383447,0.050527457,0.1977074,0.551,0.7783107,0.18180001,8.907747,0.33647224,432.0,6.0,0.0,0.006878682719935553
408,-0.03636371,0.0338346,-0.15952517,0.050527457,0.551,0.7783107,0.18180001,8.933137,0.33647224,432.0,7.0,0.0,-0.007790658541680595
409,-0.026415093,-0.03636371,0.34994924,-0.15952517,0.551,0.7783107,0.18180001,8.9593115,0.33647224,432.0,8.0,0.0,0.00023178430491882507
410,0.077519424,-0.026415093,-0.08319269,0.34994924,0.551,0.7783107,0.18180001,8.986446,0.33647224,432.0,9.0,0.0,0.009492555356962584
411,-0.044963986,0.077519424,-0.21237709,-0.08319269,0.551,0.7783107,0.18180001,9.014325,0.33647224,432.0,10.0,1.0,-0.01618063161394273
412,-0.06779663,-0.044963986,0.22866869,-0.21237709,0.551,0.7783107,0.18180001,9.043104,0.33647224,432.0,11.0,0.0,-0.0066766644575114165
413,0.054846387,-0.06779663,0.016628984,0.22866869,0.551,0.7783107,0.18180001,9.071882,0.33647224,432.0,12.0,0.0,0.007170372281920301
414,-0.045951355,0.054846387,-0.084249854,0.016628984,0.551,0.7783107,0.18180001,9.192177,0.33647224,432.0,13.0,0.0,-0.006744475718576892
415,-0.015520726,-0.045951355,0.45978537,-0.084249854,0.551,0.7783107,0.18180001,9.126681,0.33647224,432.0,14.0,1.0,0.007820475062144311
416,0.037682787,-0.015520726,-0.24741428,0.45978537,0.551,0.7783107,0.18180001,9.153739,0.33647224,432.0,15.0,0.0,0.004203618391962205
417,0.008803183,0.037682787,-0.076522306,-0.24741428,0.551,0.7783107,0.18180001,9.180396,0.33647224,432.0,16.0,0.0,-0.01930032896757819
418,0.043406732,0.008803183,-0.031416435,-0.076522306,0.551,0.7783107,0.18180001,9.209675,0.33647224,432.0,17.0,0.0,-0.00938100581722065
419,0.010248763,0.043406732,0.23097242,-0.031416435,0.551,0.7783107,0.18180001,9.238953,0.33647224,432.0,18.0,0.0,0.0022003711427174832
420,0.030628163,0.010248763,0.10116492,0.23097242,0.551,0.7783107,0.18180001,9.268231,0.33647224,432.0,19.0,0.0,0.010307344091500747
421,0.0033898542,-0.04940924,0.07934361,-0.07132702,0.931,0.33541727,0.0,7.3466554,0.0,435.0,1.0,0.0,-0.005165109191479944
422,-0.003378402,0.0033898542,-0.31561136,0.07934361,0.931,0.33541727,0.0,7.3689704,0.0,435.0,2.0,0.0,-0.01197555465562275
423,0.061016973,-0.003378402,-0.08554252,-0.31561136,0.931,0.33541727,0.0,7.3901815,0.0,435.0,3.0,0.0,-0.02293745073936576
424,-0.09797658,0.061016973,0.117407896,-0.08554252,0.931,0.33541727,0.0,7.410952,0.0,435.0,4.0,0.0,-0.0044938931760374334
425,-0.027154665,-0.09797658,0.12214684,0.117407896,0.931,0.33541727,0.0,7.4324837,0.0,435.0,5.0,0.0,0.005538975134873059
426,0.018203866,-0.027154665,0.007459002,0.12214684,0.931,0.33541727,0.0,7.4552984,0.0,435.0,6.0,0.0,0.0016653261301093902
427,-0.03575682,0.018203866,-0.18843451,0.007459002,0.931,0.33541727,0.0,7.4792995,0.0,435.0,7.0,0.0,-0.010918248643325523
428,-0.025958007,-0.03575682,0.35082895,-0.18843451,0.931,0.33541727,0.0,7.5043917,0.0,435.0,8.0,0.0,-0.0011417162019264349
429,0.025380762,-0.025958007,0.13816682,0.35082895,0.931,0.33541727,0.0,7.53048,0.0,435.0,9.0,0.0,0.017456379203679318
430,-0.021039627,0.025380762,-0.45541632,0.13816682,0.931,0.33541727,0.0,7.5574727,0.0,435.0,10.0,0.0,-0.014119519197691638
431,0.013906419,-0.021039627,0.043565534,-0.45541632,0.931,0.33541727,0.0,7.585281,0.0,435.0,11.0,0.0,-0.025111934997450458
432,0.04364093,0.013906419,-0.07810396,0.043565534,0.931,0.33541727,0.0,7.613325,0.0,435.0,12.0,0.0,-0.005215449481059314
433,0.025841925,0.04364093,0.42481363,-0.07810396,0.931,0.33541727,0.0,7.6396422,0.0,435.0,13.0,0.0,0.006867742983747621
434,0.016870473,0.025841925,0.38386065,0.42481363,0.931,0.33541727,0.0,7.6974344,0.0,435.0,14.0,0.0,0.029843841814681304
435,0.01786719,0.016870473,-0.06542489,0.38386065,0.931,0.33541727,0.0,7.725312,0.0,435.0,15.0,0.0,0.01177643160861927
436,0.026182061,0.01786719,-0.28914794,-0.06542489,0.931,0.33541727,0.0,7.7531943,0.0,435.0,16.0,0.0,-0.018064273068395476
437,0.0039988705,0.026182061,-0.008038012,-0.28914794,0.931,0.33541727,0.0,7.780867,0.0,435.0,17.0,0.0,-0.01887794055106451
438,0.008603696,0.0039988705,0.08996789,-0.008038012,0.931,0.33541727,0.0,7.808327,0.0,435.0,18.0,0.0,-0.0017091178489752057
439,0.012998328,0.008603696,0.3260817,0.08996789,0.931,0.33541727,0.0,7.835583,0.0,435.0,19.0,0.0,0.011502955519027136
440,0.017334813,-0.14378476,-0.025886074,0.107996285,1.078,0.65493006,0.62,9.401209,1.2237755,541.0,1.0,1.0,-0.00021559535011567155
441,-0.036208775,0.017334813,-0.013338826,-0.025886074,1.078,0.65493006,0.62,9.4275465,1.2237755,541.0,2.0,1.0,-0.0062732252536512045
442,-0.043093897,-0.036208775,-0.12334538,-0.013338826,1.078,0.65493006,0.62,9.453757,1.2237755,541.0,3.0,1.0,-0.009599880661110477
443,-0.019630508,-0.043093897,0.23614576,-0.12334538,1.078,0.65493006,0.62,9.479833,1.2237755,541.0,4.0,1.0,-0.0020822092922319624
444,-0.11778559,-0.019630508,0.06910617,0.23614576,1.078,0.65493006,0.62,9.505842,1.2237755,541.0,5.0,1.0,0.00941158402974962
445,0.02803734,-0.11778559,-0.07475964,0.06910617,1.078,0.65493006,0.62,9.531772,1.2237755,541.0,6.0,1.0,-0.0038545147685084546
446,-0.033766188,0.02803734,-0.30437788,-0.07475964,1.078,0.65493006,0.62,9.557682,1.2237755,541.0,7.0,1.0,-0.019062921522837895
447,0.02150534,-0.033766188,0.40436396,-0.30437788,1.078,0.65493006,0.62,9.583627,1.2237755,541.0,8.0,1.0,-0.004860824719695511
448,0.0407895,0.02150534,0.08277997,0.40436396,1.078,0.65493006,0.62,9.609586,1.2237755,541.0,9.0,1.0,0.01807620612314975
449,-0.039190922,0.0407895,-0.27368027,0.08277997,1.078,0.65493006,0.62,9.6356735,1.2237755,541.0,10.0,1.0,-0.01030809816212766
450,-0.022368448,-0.039190922,0.06513863,-0.27368027,1.078,0.65493006,0.62,9.661861,1.2237755,541.0,11.0,1.0,-0.01550768566377525
451,-0.04306857,-0.022368448,-0.27034876,0.06513863,1.078,0.65493006,0.62,9.688313,1.2237755,541.0,12.0,1.0,-0.011046244802141475
452,0.06418045,-0.04306857,0.31976616,-0.27034876,1.078,0.65493006,0.62,9.711782,1.2237755,541.0,13.0,0.0,-0.00623425147300849
453,0.045560308,0.06418045,-0.19726664,0.31976616,1.078,0.65493006,0.62,9.616138,1.2237755,541.0,14.0,0.0,0.0039436802324556985
454,0.017256938,0.045560308,0.14451797,-0.19726664,1.078,0.65493006,0.62,9.64342,1.2237755,541.0,15.0,0.0,-0.008953531148536642
455,0.04349103,0.017256938,0.22421631,0.14451797,1.078,0.65493006,0.62,9.66903,1.2237755,541.0,16.0,0.0,0.01050893851853174
456,0.083947256,0.04349103,0.085884646,0.22421631,1.078,0.65493006,0.62,9.694616,1.2237755,541.0,17.0,0.0,0.009432215144216494
457,0.096403934,0.083947256,-0.23709543,0.085884646,1.078,0.65493006,0.62,9.718964,1.2237755,541.0,18.0,0.0,-0.00884807015026573
458,0.052097622,0.096403934,0.3337243,-0.23709543,1.078,0.65493006,0.62,9.737846,1.2237755,541.0,19.0,0.0,-0.004118681457703971
459,-0.022424713,0.0,0.10780269,0.101324685,2.854,0.67654896,0.255,7.2717037,2.4765384,565.0,11.0,0.0,0.004244051644674451
460,-0.005734779,-0.022424713,-0.5471783,0.10780269,2.854,0.67654896,0.255,7.301148,2.4765384,565.0,12.0,0.0,-0.014187343040080902
461,-0.043025702,-0.005734779,1.6769756,-0.5471783,2.854,0.67654896,0.255,7.329094,2.4765384,565.0,13.0,0.0,-0.02040820200487234
462,0.035507396,-0.043025702,-0.2810862,1.6769756,2.854,0.67654896,0.255,7.2885723,2.4765384,565.0,14.0,0.0,-0.004821614645041605
463,0.010196752,0.035507396,-0.25437263,-0.2810862,2.854,0.67654896,0.255,7.315119,2.4765384,565.0,15.0,0.0,-0.027300916973642453
464,-0.0043648547,0.010196752,0.14142832,-0.25437263,2.854,0.67654896,0.255,7.341484,2.4765384,565.0,16.0,0.0,-0.011839413618967731
465,0.0011853671,-0.0043648547,0.57530856,0.14142832,2.854,0.67654896,0.255,7.367033,2.4765384,565.0,17.0,0.0,0.022922175585209925
466,-0.00038622433,0.0011853671,-0.51583296,0.57530856,2.854,0.67654896,0.255,7.3917665,2.4765384,565.0,18.0,1.0,-0.011289808979905502
467,0.007374777,-0.00038622433,0.52898127,-0.51583296,2.854,0.67654896,0.255,7.415681,2.4765384,565.0,19.0,1.0,-0.010678165447844168
468,-0.012552306,0.01558079,-0.24711084,0.08002728,0.706,0.73258805,0.32,8.615227,1.1314021,436.0,1.0,0.0,-0.009491124071790508
469,0.008474551,-0.012552306,-0.017493846,-0.24711084,0.706,0.73258805,0.32,8.649974,1.1314021,436.0,2.0,0.0,-0.017173323075037744
470,-0.054621816,0.008474551,-0.15853347,-0.017493846,0.706,0.73258805,0.32,8.685585,1.1314021,436.0,3.0,0.0,-0.011060973944947566
471,-0.14962964,-0.054621816,-0.122386746,-0.15853347,0.706,0.73258805,0.32,8.721276,1.1314021,436.0,4.0,0.0,-0.016621966005178845
472,-0.026132379,-0.14962964,0.2841104,-0.122386746,0.706,0.73258805,0.32,8.755895,1.1314021,436.0,5.0,0.0,-0.0003192661101760197
473,0.019677956,-0.026132379,-0.11188191,0.2841104,0.706,0.73258805,0.32,8.789203,1.1314021,436.0,6.0,0.0,0.005266212371226431
474,-0.04736844,0.019677956,-0.3299133,-0.11188191,0.706,0.73258805,0.32,8.821437,1.1314021,436.0,7.0,0.0,-0.021780798470795504
475,-0.011049692,-0.04736844,0.6845857,-0.3299133,0.706,0.73258805,0.32,8.852808,1.1314021,436.0,8.0,0.0,0.003925547224408743
476,-0.059590325,-0.011049692,-0.13312876,0.6845857,0.706,0.73258805,0.32,8.884056,1.1314021,436.0,9.0,0.0,0.011643869654633765
477,-0.043196253,-0.059590325,-0.3420043,-0.13312876,0.706,0.73258805,0.32,8.914088,1.1314021,436.0,10.0,1.0,-0.023246046170972756
478,-0.0069348705,-0.043196253,0.5492856,-0.3420043,0.706,0.73258805,0.32,8.952993,1.1314021,436.0,11.0,1.0,-0.001503612597928472
479,-0.09656511,-0.0069348705,-0.047560338,0.5492856,0.706,0.73258805,0.32,8.985195,1.1314021,436.0,12.0,1.0,0.020455263880149427
480,-0.020428188,-0.09656511,-0.119473755,-0.047560338,0.706,0.73258805,0.32,9.017968,1.1314021,436.0,13.0,0.0,-0.011124488237187452
481,0.0051095905,-0.020428188,0.8739828,-0.119473755,0.706,0.73258805,0.32,9.053201,1.1314021,436.0,14.0,1.0,0.013376299763827926
482,-0.00813729,0.0051095905,-0.3470387,0.8739828,0.706,0.73258805,0.32,9.087366,1.1314021,436.0,15.0,0.0,-0.009507944567604676
483,-0.0018369196,-0.00813729,-0.06511073,-0.3470387,0.706,0.73258805,0.32,9.12151,1.1314021,436.0,16.0,1.0,-0.023733678339477343
484,-0.0068646795,-0.0018369196,-0.044658102,-0.06511073,0.706,0.73258805,0.32,9.1557045,1.1314021,436.0,17.0,1.0,-0.009300245114205352
485,0.06711987,-0.0068646795,0.38467667,-0.044658102,0.706,0.73258805,0.32,9.190014,1.1314021,436.0,18.0,0.0,0.0070569449634328985
486,-0.03839623,0.06711987,0.011242187,0.38467667,0.706,0.73258805,0.32,9.2242365,1.1314021,436.0,19.0,0.0,0.014559524261389567
487,0.053546607,0.032304347,-0.12498096,-0.01940057,1.393,0.8689318,0.58000004,11.172518,1.2237755,475.0,1.0,0.0,-0.009953005625363165
488,-0.06336631,0.053546607,0.025526928,-0.12498096,1.393,0.8689318,0.58000004,11.203802,1.2237755,475.0,2.0,0.0,-0.009698426461108245
489,-0.11275552,-0.06336631,-0.15345679,0.025526928,1.393,0.8689318,0.58000004,11.235511,1.2237755,475.0,3.0,0.0,-0.008788522741348559
490,-0.1517077,-0.11275552,0.07261936,-0.15345679,1.393,0.8689318,0.58000004,11.267242,1.2237755,475.0,4.0,0.0,-0.00939719472808373
491,-0.0056179054,-0.1517077,0.09046207,0.07261936,1.393,0.8689318,0.58000004,11.298481,1.2237755,475.0,5.0,0.0,0.0022284746802454236
492,-0.08380418,-0.0056179054,-0.010736308,0.09046207,1.393,0.8689318,0.58000004,11.328955,1.2237755,475.0,6.0,0.0,-0.0005256344092154086
493,-0.073997915,-0.08380418,-0.07141906,-0.010736308,1.393,0.8689318,0.58000004,11.358818,1.2237755,475.0,7.0,0.0,-0.007615281805709168
494,0.04328521,-0.073997915,0.20738259,-0.07141906,1.393,0.8689318,0.58000004,11.388189,1.2237755,475.0,8.0,0.0,-0.0005878691729374053
495,0.012765983,0.04328521,0.008468252,0.20738259,1.393,0.8689318,0.58000004,11.417141,1.2237755,475.0,9.0,0.0,0.005843856725245927
496,0.04516805,0.012765983,-0.03551549,0.008468252,1.393,0.8689318,0.58000004,11.44577,1.2237755,475.0,10.0,0.0,-0.005397185673547633
497,0.045226086,0.04516805,0.047826916,-0.03551549,1.393,0.8689318,0.58000004,11.4742155,1.2237755,475.0,11.0,0.0,-0.004552471380120798
498,-0.059615366,0.045226086,-0.034075264,0.047826916,1.393,0.8689318,0.58000004,11.502704,1.2237755,475.0,12.0,0.0,-0.0034328371406224245
499,-0.00731644,-0.059615366,-0.004354364,-0.034075264,1.393,0.8689318,0.58000004,11.532728,1.2237755,475.0,13.0,0.0,-0.0063497182712333455
500,-0.028076611,-0.00731644,0.10494832,-0.004354364,1.393,0.8689318,0.58000004,11.560695,1.2237755,475.0,14.0,0.0,-0.000994038594355956
501,-0.0052834717,-0.028076611,0.0080578495,0.10494832,1.393,0.8689318,0.58000004,11.590019,1.2237755,475.0,15.0,0.0,0.0008509154512718609
502,0.013630548,-0.0052834717,-0.051510893,0.0080578495,1.393,0.8689318,0.58000004,11.619742,1.2237755,475.0,16.0,0.0,-0.005989506320402682
503,-0.0010085206,0.013630548,0.01720048,-0.051510893,1.393,0.8689318,0.58000004,11.648925,1.2237755,475.0,17.0,0.0,-0.006425768475645299
504,-0.0083864555,-0.0010085206,-0.08033117,0.01720048,1.393,0.8689318,0.58000004,11.6775675,1.2237755,475.0,18.0,0.0,-0.006576476136291448
505,-0.0150764985,-0.0083864555,0.12464888,-0.08033117,1.393,0.8689318,0.58000004,11.705669,1.2237755,475.0,19.0,0.0,-0.003981514645715306
506,0.11756933,0.05874134,0.037219923,-0.0944925,0.715,0.12921083,0.5068,8.5492735,4.309456,517.0,1.0,0.0,-0.007798283130418138
507,-0.029550869,0.11756933,0.28242844,0.037219923,0.715,0.12921083,0.5068,8.578853,4.309456,517.0,2.0,0.0,0.007377353309563933
508,0.015834363,-0.029550869,-0.23061231,0.28242844,0.715,0.12921083,0.5068,8.607217,4.309456,517.0,3.0,0.0,0.0009358525918975458
509,-0.07793765,0.015834363,0.023100452,-0.23061231,0.715,0.12921083,0.5068,8.635154,4.309456,517.0,4.0,0.0,-0.014918886905882223
510,0.009102768,-0.07793765,0.17377639,0.023100452,0.715,0.12921083,0.5068,8.663542,4.309456,517.0,5.0,0.0,0.002803177584941141
511,-0.0012887199,0.009102768,-0.16884442,0.17377639,0.715,0.12921083,0.5068,8.692825,4.309456,517.0,6.0,0.0,-0.0021342981234082348
512,-0.0064516068,-0.0012887199,0.12567365,-0.16884442,0.715,0.12921083,0.5068,8.722417,4.309456,517.0,7.0,0.0,-0.008246545305946096
513,-0.022077871,-0.0064516068,0.19645849,0.12567365,0.715,0.12921083,0.5068,8.752108,4.309456,517.0,8.0,0.0,0.008599835245904519
514,-0.03054449,-0.022077871,-0.11572697,0.19645849,0.715,0.12921083,0.5068,8.782016,4.309456,517.0,9.0,0.0,0.0008687817013519061
515,0.035616387,-0.03054449,-0.040788524,-0.11572697,0.715,0.12921083,0.5068,8.812099,4.309456,517.0,10.0,1.0,-0.011621701720562816
516,0.0,0.035616387,-0.12671177,-0.040788524,0.715,0.12921083,0.5068,8.842316,4.309456,517.0,11.0,1.0,-0.011054384602395967
517,0.007936563,0.0,-0.07935502,-0.12671177,0.715,0.12921083,0.5068,8.871365,4.309456,517.0,12.0,1.0,-0.01353561096977765
518,-0.10577274,0.007936563,-0.03752463,-0.07935502,0.715,0.12921083,0.5068,8.898366,4.309456,517.0,13.0,1.0,-0.00973724837555412
519,-0.3969291,-0.10577274,0.09223909,-0.03752463,0.715,0.12921083,0.5068,8.927978,4.309456,517.0,14.0,1.0,-0.0030608810734824576
520,0.30731735,-0.3969291,0.020648587,0.09223909,0.715,0.12921083,0.5068,8.737132,4.309456,517.0,15.0,0.0,0.0006837967073627937
521,0.10234029,0.30731735,0.015454801,0.020648587,0.715,0.12921083,0.5068,8.764053,4.309456,517.0,16.0,1.0,-0.0029813198752435544
522,-0.038970463,0.10234029,-0.023753537,0.015454801,0.715,0.12921083,0.5068,8.813885,4.309456,517.0,17.0,1.0,-0.0046367561747714114
523,0.06652077,-0.038970463,-0.089965746,-0.023753537,0.715,0.12921083,0.5068,8.974008,4.309456,517.0,18.0,1.0,-0.00891158250746829
524,0.03457109,0.06652077,0.062673956,-0.089965746,0.715,0.12921083,0.5068,9.0002365,4.309456,517.0,19.0,1.0,-0.006667444685997226
525,0.004409272,-0.034071617,0.21750768,-0.16951281,1.174,0.72277224,0.14960003,8.619389,0.0,433.0,1.0,0.0,-0.004992864005719522
526,0.05618954,0.004409272,-0.08771569,0.21750768,1.174,0.72277224,0.14960003,8.647344,0.0,433.0,2.0,0.0,0.0028941103259546574
527,-0.012468817,0.05618954,-0.25145254,-0.08771569,1.174,0.72277224,0.14960003,8.675052,0.0,433.0,3.0,0.0,-0.01779871281201001
528,-0.051346794,-0.012468817,0.1642612,-0.25145254,1.174,0.72277224,0.14960003,8.702677,0.0,433.0,4.0,0.0,-0.010880452909160898
529,0.031943224,-0.051346794,0.130791,0.1642612,1.174,0.72277224,0.14960003,8.731013,0.0,433.0,5.0,0.0,0.008125343190550138
530,-0.006878776,0.031943224,0.18587235,0.130791,1.174,0.72277224,0.14960003,8.760139,0.0,433.0,6.0,0.0,0.008469724314940308
531,0.013852842,-0.006878776,0.021486925,0.18587235,1.174,0.72277224,0.14960003,8.789508,0.0,433.0,7.0,0.0,0.00526432632095708
532,0.00085401087,0.013852842,0.1625604,0.021486925,1.174,0.72277224,0.14960003,8.819074,0.0,433.0,8.0,0.0,0.0023234109297039507
533,-0.028156988,0.00085401087,-0.057572145,0.1625604,1.174,0.72277224,0.14960003,8.849084,0.0,433.0,9.0,0.0,0.001302347999964787
534,0.005267711,-0.028156988,-0.2896071,-0.057572145,1.174,0.72277224,0.14960003,8.8793335,0.0,433.0,10.0,1.0,-0.017699063953587724
535,-0.02183404,0.005267711,0.031141154,-0.2896071,1.174,0.72277224,0.14960003,8.909776,0.0,433.0,11.0,0.0,-0.017498278551934754
536,-0.00330082,-0.02183404,0.04052354,0.031141154,1.174,0.72277224,0.14960003,8.939188,0.0,433.0,12.0,1.0,-0.0015743330890064522
537,-0.047250565,-0.00330082,0.109393574,0.04052354,1.174,0.72277224,0.14960003,8.954157,0.0,433.0,13.0,1.0,0.0013460734394726837
538,0.002575504,-0.047250565,0.13983734,0.109393574,1.174,0.72277224,0.14960003,8.974783,0.0,433.0,14.0,0.0,0.005782515186214476
539,0.024368348,0.002575504,-0.13332139,0.13983734,1.174,0.72277224,0.14960003,9.001138,0.0,433.0,15.0,1.0,-0.0025125726488302302
540,0.023089267,0.024368348,-0.010845765,-0.13332139,1.174,0.72277224,0.14960003,9.027618,0.0,433.0,16.0,0.0,-0.011405318150237403
541,0.021723306,0.023089267,-0.08991384,-0.010845765,1.174,0.72277224,0.14960003,9.054342,0.0,433.0,17.0,1.0,-0.008282413696006907
542,0.028686706,0.021723306,0.03448987,-0.08991384,1.174,0.72277224,0.14960003,9.081413,0.0,433.0,18.0,1.0,-0.00767345398566982
543,0.022968197,0.028686706,0.21895109,0.03448987,1.174,0.72277224,0.14960003,9.10858,0.0,433.0,19.0,1.0,0.0049732173019683135
544,-0.0368745,-0.04285714,0.14398554,-0.12036248,1.19,0.7688465,0.53999996,8.090403,0.9932518,451.0,1.0,0.0,-0.005235078832824341
545,-0.020966273,-0.0368745,-0.08794342,0.14398554,1.19,0.7688465,0.53999996,8.112528,0.9932518,451.0,2.0,0.0,-0.0006871788331301865
546,0.054934837,-0.020966273,-0.17378065,-0.08794342,1.19,0.7688465,0.53999996,8.134761,0.9932518,451.0,3.0,0.0,-0.015030389936351501
547,-0.14827894,0.054934837,-0.005722654,-0.17378065,1.19,0.7688465,0.53999996,8.1570835,0.9932518,451.0,4.0,0.0,-0.013188294390183236
548,-0.06217617,-0.14827894,0.0493252,-0.005722654,1.19,0.7688465,0.53999996,8.18004,0.9932518,451.0,5.0,0.0,-0.0030509398881660155
549,-0.026519326,-0.06217617,0.19330704,0.0493252,1.19,0.7688465,0.53999996,8.203578,0.9932518,451.0,6.0,0.0,0.00477656717394237
550,-0.014755973,-0.026519326,0.014817142,0.19330704,1.19,0.7688465,0.53999996,8.227643,0.9932518,451.0,7.0,0.0,0.005386978870036696
551,0.024193581,-0.014755973,-0.07381907,0.014817142,1.19,0.7688465,0.53999996,8.2519245,0.9932518,451.0,8.0,0.0,-0.0064592779299017244
552,0.03487066,0.024193581,0.07910166,-0.07381907,1.19,0.7688465,0.53999996,8.276903,0.9932518,451.0,9.0,0.0,-0.0052948794805188215
553,-0.020652167,0.03487066,-0.095494665,0.07910166,1.19,0.7688465,0.53999996,8.302018,0.9932518,451.0,10.0,0.0,-0.004110715502025908
554,0.027746921,-0.020652167,0.05843693,-0.095494665,1.19,0.7688465,0.53999996,8.327484,0.9932518,451.0,11.0,1.0,-0.007087764073335723
555,-0.20734338,0.027746921,0.052196126,0.05843693,1.19,0.7688465,0.53999996,8.353025,0.9932518,451.0,12.0,1.0,0.0001699170468803246
556,-0.02322949,-0.20734338,-0.050416533,0.052196126,1.19,0.7688465,0.53999996,8.37885,0.9932518,451.0,13.0,1.0,-0.0038052473299917677
557,0.00998914,-0.02322949,-0.013140778,-0.050416533,1.19,0.7688465,0.53999996,8.364741,0.9932518,451.0,14.0,1.0,-0.007458306693943401
558,-0.122197926,0.00998914,-0.06835076,-0.013140778,1.19,0.7688465,0.53999996,8.3891325,0.9932518,451.0,15.0,1.0,-0.007622342635847906
559,0.022028696,-0.122197926,-0.10109243,-0.06835076,1.19,0.7688465,0.53999996,8.414052,0.9932518,451.0,16.0,1.0,-0.011477140111988249
560,-0.1964658,0.022028696,-0.14012848,-0.10109243,1.19,0.7688465,0.53999996,8.440312,0.9932518,451.0,17.0,1.0,-0.014465225023503336
561,-0.029258572,-0.1964658,0.034192625,-0.14012848,1.19,0.7688465,0.53999996,8.465479,0.9932518,451.0,18.0,1.0,-0.010124497524118953
562,-0.099050805,-0.029258572,-0.11536568,0.034192625,1.19,0.7688465,0.53999996,8.487678,0.9932518,451.0,19.0,1.0,-0.007004331853667889
563,0.1666666,-0.21601684,0.82413095,-0.35088322,0.949,0.07674295,0.0,8.674709,2.6100698,520.0,1.0,1.0,0.007899869795719883
564,-0.002304118,0.1666666,0.2539571,0.82413095,0.949,0.07674295,0.0,8.71247,2.6100698,520.0,2.0,1.0,0.04460203432016069
565,-0.07159351,-0.002304118,-0.5498713,0.2539571,0.949,0.07674295,0.0,8.740466,2.6100698,520.0,3.0,1.0,-0.013464584484495473
566,-0.032338336,-0.07159351,0.45140803,-0.5498713,0.949,0.07674295,0.0,8.760478,2.6100698,520.0,4.0,1.0,-0.015108272539728462
567,-0.16066839,-0.032338336,0.099011295,0.45140803,0.949,0.07674295,0.0,8.774888,2.6100698,520.0,5.0,1.0,0.020943342426222672
568,0.25114852,-0.16066839,-0.51453316,0.099011295,0.949,0.07674295,0.0,8.786762,2.6100698,520.0,6.0,1.0,-0.01448188302473577
569,-0.01958381,0.25114852,0.8880123,-0.51453316,0.949,0.07674295,0.0,8.799888,2.6100698,520.0,7.0,1.0,0.0022324759583739473
570,-0.011235959,-0.01958381,-0.1401678,0.8880123,0.949,0.07674295,0.0,8.818743,2.6100698,520.0,8.0,1.0,0.005611217628745613
571,-0.021464672,-0.011235959,0.3040128,-0.1401678,0.949,0.07674295,0.0,8.848274,2.6100698,520.0,9.0,1.0,-0.00047123442165741825
572,-0.09290319,-0.021464672,-0.14742677,0.3040128,0.949,0.07674295,0.0,8.893422,2.6100698,520.0,10.0,1.0,0.0049615313968822405
573,-0.046941668,-0.09290319,-0.2980989,-0.14742677,0.949,0.07674295,0.0,8.958411,2.6100698,520.0,11.0,1.0,-0.022369823217228413
574,0.05148743,0.04451753,0.26900497,-0.043235775,3.347,0.87722707,0.4584,10.293128,2.163323,560.0,1.0,1.0,0.0029869037322902414
575,-0.023939079,0.05148743,-0.28168184,0.26900497,3.347,0.87722707,0.4584,10.319332,2.163323,560.0,2.0,1.0,-0.0015439801030403821
576,-0.06270907,-0.023939079,-0.002925506,-0.28168184,3.347,0.87722707,0.4584,10.345381,2.163323,560.0,3.0,1.0,-0.018332147166775142
577,0.041034795,-0.06270907,-0.055884555,-0.002925506,3.347,0.87722707,0.4584,10.371239,2.163323,560.0,4.0,1.0,-0.006679798006757776
578,-0.051128224,0.041034795,0.25224078,-0.055884555,3.347,0.87722707,0.4584,10.396872,2.163323,560.0,5.0,1.0,0.0017722938392607523
579,-0.008729694,-0.051128224,-0.1396839,0.25224078,3.347,0.87722707,0.4584,10.422192,2.163323,560.0,6.0,1.0,0.0027225053066710636
580,0.0018220595,-0.008729694,0.025923057,-0.1396839,3.347,0.87722707,0.4584,10.447235,2.163323,560.0,7.0,1.0,-0.010398807195047821
581,0.018793585,0.0018220595,0.26378703,0.025923057,3.347,0.87722707,0.4584,10.471978,2.163323,560.0,8.0,1.0,0.00616127183149856
582,-0.005950604,0.018793585,-0.115376994,0.26378703,3.347,0.87722707,0.4584,10.4964,2.163323,560.0,9.0,1.0,0.004153439341259557
583,-0.027836028,-0.005950604,-0.2329793,-0.115376994,3.347,0.87722707,0.4584,10.52051,2.163323,560.0,10.0,1.0,-0.018481997137218042
584,-0.01908861,-0.027836028,0.25208035,-0.2329793,3.347,0.87722707,0.4584,10.544262,2.163323,560.0,11.0,1.0,-0.006840165138977311
585,-0.037037045,-0.01908861,-0.30718216,0.25208035,3.347,0.87722707,0.4584,10.567669,2.163323,560.0,12.0,1.0,-0.003279005107316796
586,-0.008818457,-0.037037045,0.38392383,-0.30718216,3.347,0.87722707,0.4584,10.590768,2.163323,560.0,13.0,1.0,-0.005728535584584138
587,0.010494259,-0.008818457,-0.13566957,0.38392383,3.347,0.87722707,0.4584,10.531397,2.163323,560.0,14.0,0.0,0.00926588500856712
588,0.009073484,0.010494259,0.3082783,-0.13566957,3.347,0.87722707,0.4584,10.552767,2.163323,560.0,15.0,0.0,-9.99871106808492e-05
589,0.020808382,0.009073484,0.117613204,0.3082783,3.347,0.87722707,0.4584,10.574389,2.163323,560.0,16.0,0.0,0.014652953197965252
590,0.005974321,0.020808382,-0.13657103,0.117613204,3.347,0.87722707,0.4584,10.594432,2.163323,560.0,17.0,0.0,-0.003708939075502876
591,-0.011544849,0.005974321,-0.10500156,-0.13657103,3.347,0.87722707,0.4584,10.611613,2.163323,560.0,18.0,0.0,-0.014932495223551223
592,-0.004546994,-0.011544849,-0.0672827,-0.10500156,3.347,0.87722707,0.4584,10.629095,2.163323,560.0,19.0,0.0,-0.012048512639894676
593,0.004618947,0.018823497,-0.009881114,0.043180685,0.85,0.7350703,0.445,9.860163,2.014903,625.0,1.0,0.0,-0.0027928846124813667
594,0.0,0.004618947,-0.15191688,-0.009881114,0.85,0.7350703,0.445,9.887968,2.014903,625.0,2.0,0.0,-0.010454232571529415
595,0.018390773,0.0,-0.06653812,-0.15191688,0.85,0.7350703,0.445,9.915218,2.014903,625.0,3.0,1.0,-0.014301930445007938
596,-0.05869073,0.018390773,-0.20233874,-0.06653812,0.85,0.7350703,0.445,9.941458,2.014903,625.0,4.0,1.0,-0.01501201796761259
597,-0.051558733,-0.05869073,0.45128393,-0.20233874,0.85,0.7350703,0.445,9.968901,2.014903,625.0,5.0,1.0,0.001777199535627244
598,0.07711756,-0.051558733,-0.015809264,0.45128393,0.85,0.7350703,0.445,9.995656,2.014903,625.0,6.0,1.0,0.016828602602699944
599,-0.04107984,0.07711756,0.04537916,-0.015809264,0.85,0.7350703,0.445,10.022426,2.014903,625.0,7.0,1.0,-0.0036823482678343677
600,-0.06609543,-0.04107984,0.20759745,0.04537916,0.85,0.7350703,0.445,10.049318,2.014903,625.0,8.0,1.0,0.005096155820841497
601,0.05897774,-0.06609543,-0.064367756,0.20759745,0.85,0.7350703,0.445,10.076347,2.014903,625.0,9.0,1.0,0.003247954300933692
602,-0.06311881,0.05897774,-0.25089607,-0.064367756,0.85,0.7350703,0.445,10.10369,2.014903,625.0,10.0,1.0,-0.016644102036432767
603,-0.02774112,-0.06311881,0.12912548,-0.25089607,0.85,0.7350703,0.445,10.13134,2.014903,625.0,11.0,1.0,-0.012110696083696693
604,0.027961139,-0.02774112,0.06564695,0.12912548,0.85,0.7350703,0.445,10.159524,2.014903,625.0,12.0,1.0,0.004086666825573515
605,0.021610895,0.027961139,0.05041188,0.06564695,0.85,0.7350703,0.445,10.19092,2.014903,625.0,13.0,1.0,0.00045647351208844
606,0.020418022,0.021610895,0.036203146,0.05041188,0.85,0.7350703,0.445,10.150042,2.014903,625.0,14.0,1.0,-0.0007923850489043871
607,0.22708835,0.020418022,0.018468918,0.036203146,0.85,0.7350703,0.445,10.169858,2.014903,625.0,15.0,1.0,-0.0021175195293059446
608,0.01936369,0.22708835,0.2045329,0.018468918,0.85,0.7350703,0.445,10.189305,2.014903,625.0,16.0,1.0,0.0036786701409425027
609,0.044563863,0.01936369,-0.24351637,0.2045329,0.85,0.7350703,0.445,10.209526,2.014903,625.0,17.0,1.0,-0.0033115881252509805
610,0.02737894,0.044563863,-0.09704479,-0.24351637,0.85,0.7350703,0.445,10.230517,2.014903,625.0,18.0,1.0,-0.019845263602641716
611,0.135754,-0.04468754,0.21568614,0.085032225,3.2,0.38675165,0.48000002,6.336826,2.7850113,572.0,1.0,0.0,0.0073127189823897765
612,-0.18058752,0.135754,-0.39955077,0.21568614,3.2,0.38675165,0.48000002,6.3664703,2.7850113,572.0,2.0,0.0,-0.008353039952640917
613,-0.16766256,-0.18058752,0.34376726,-0.39955077,3.2,0.38675165,0.48000002,6.3969297,2.7850113,572.0,3.0,0.0,-0.011654557077443284
614,0.07812498,-0.16766256,0.37923113,0.34376726,3.2,0.38675165,0.48000002,6.424869,2.7850113,572.0,4.0,0.0,0.025739366255717544
615,-0.13905211,0.07812498,-0.3091634,0.37923113,3.2,0.38675165,0.48000002,6.4567695,2.7850113,572.0,5.0,0.0,-0.0008659031942087891
616,0.017288493,-0.13905211,-0.2241109,-0.3091634,3.2,0.38675165,0.48000002,6.4907236,2.7850113,572.0,6.0,0.0,-0.027582577422027382
617,0.05366721,0.017288493,0.27904257,-0.2241109,3.2,0.38675165,0.48000002,6.526495,2.7850113,572.0,7.0,0.0,-0.005444356251319393
618,0.025042452,0.05366721,-0.0126995165,0.27904257,3.2,0.38675165,0.48000002,6.5638556,2.7850113,572.0,8.0,0.0,0.008569034937102038
619,0.05590062,0.025042452,0.0040017203,-0.0126995165,3.2,0.38675165,0.48000002,6.6025877,2.7850113,572.0,9.0,0.0,-0.005011855454581493
620,0.055617537,0.05590062,-0.20816629,0.0040017203,3.2,0.38675165,0.48000002,6.641182,2.7850113,572.0,10.0,0.0,-0.011792347662475694
621,-0.0070836535,0.055617537,-0.021160053,-0.20816629,3.2,0.38675165,0.48000002,6.64379,2.7850113,572.0,11.0,0.0,-0.01541182753319581
622,-0.0184171,-0.0070836535,-0.3187209,-0.021160053,3.2,0.38675165,0.48000002,6.705639,2.7850113,572.0,12.0,0.0,-0.016971254596423097
623,0.00080266374,-0.0184171,0.72159106,-0.3187209,3.2,0.38675165,0.48000002,6.7093043,2.7850113,572.0,13.0,0.0,0.0057936824531140685
624,0.0028489477,0.00080266374,-0.21458474,0.72159106,3.2,0.38675165,0.48000002,6.74007,2.7850113,572.0,14.0,0.0,0.0012807222115910066
625,-0.004374931,0.0028489477,0.33922926,-0.21458474,3.2,0.38675165,0.48000002,6.771248,2.7850113,572.0,15.0,0.0,-0.002827684869930347
626,0.007019021,-0.004374931,0.16215909,0.33922926,3.2,0.38675165,0.48000002,6.802395,2.7850113,572.0,16.0,0.0,0.01775117299665177
627,0.0041204225,0.007019021,-0.0680587,0.16215909,3.2,0.38675165,0.48000002,6.8335705,2.7850113,572.0,17.0,0.0,0.000907596409233602
628,-0.011724436,0.0041204225,-0.18914749,-0.0680587,3.2,0.38675165,0.48000002,6.8651714,2.7850113,572.0,18.0,0.0,-0.014613885199993126
629,-0.009051349,-0.011724436,0.096761204,-0.18914749,3.2,0.38675165,0.48000002,6.896057,2.7850113,572.0,19.0,0.0,-0.010267859949274621
630,-0.03958332,-0.102803804,-0.13849224,-0.15025106,0.535,0.92503476,0.635,9.803556,3.122365,510.0,1.0,0.0,-0.016795759673533806
631,0.010845977,-0.03958332,0.36741692,-0.13849224,0.535,0.92503476,0.635,9.835851,3.122365,510.0,2.0,0.0,0.0018790332976579283
632,-0.094420604,0.010845977,-0.19096948,0.36741692,0.535,0.92503476,0.635,9.867757,3.122365,510.0,3.0,0.0,0.006484819831128558
633,0.09715642,-0.094420604,0.10973787,-0.19096948,0.535,0.92503476,0.635,9.899077,3.122365,510.0,4.0,0.0,-0.009892054177887522
634,0.021598252,0.09715642,0.017529974,0.10973787,0.535,0.92503476,0.635,9.929789,3.122365,510.0,5.0,0.0,0.0014226332510812734
635,0.14164911,0.021598252,-0.08315493,0.017529974,0.535,0.92503476,0.635,9.959915,3.122365,510.0,6.0,0.0,-0.006661507572350317
636,-0.0037037663,0.14164911,-0.110221975,-0.08315493,0.535,0.92503476,0.635,9.987415,3.122365,510.0,7.0,0.0,-0.0125233047826048
637,-0.0074349595,-0.0037037663,0.09258819,-0.110221975,0.535,0.92503476,0.635,10.015476,3.122365,510.0,8.0,0.0,-0.006581444465321551
638,0.005757541,-0.0074349595,0.1805052,0.09258819,0.535,0.92503476,0.635,10.044119,3.122365,510.0,9.0,0.0,0.0064210297088784785
639,0.037887022,0.005757541,-0.18858492,0.1805052,0.535,0.92503476,0.635,10.11868,3.122365,510.0,10.0,0.0,-0.002513670090436737
640,-0.0100403335,0.037887022,-0.042666283,-0.18858492,0.535,0.92503476,0.635,10.151714,3.122365,510.0,11.0,0.0,-0.0152297557726363
641,-0.02408309,-0.0100403335,-0.052686002,-0.042666283,0.535,0.92503476,0.635,10.199882,3.122365,510.0,12.0,0.0,-0.008496724199772765
642,-0.018859442,-0.02408309,-0.14807355,-0.052686002,0.535,0.92503476,0.635,10.23387,3.122365,510.0,13.0,0.0,-0.012397000533760666
643,-0.014560015,-0.018859442,0.05243293,-0.14807355,0.535,0.92503476,0.635,10.237943,3.122365,510.0,14.0,0.0,-0.009857917782141679
644,0.00650814,-0.014560015,0.10584379,0.05243293,0.535,0.92503476,0.635,10.267887,3.122365,510.0,15.0,0.0,0.0017978394471054038
645,0.017325692,0.00650814,-0.11289038,0.10584379,0.535,0.92503476,0.635,10.297083,3.122365,510.0,16.0,0.0,-0.003433544714070702
646,0.007902993,0.017325692,0.21995479,-0.11289038,0.535,0.92503476,0.635,10.325083,3.122365,510.0,17.0,0.0,-0.002153474797363192
647,0.014457462,0.007902993,-0.19603007,0.21995479,0.535,0.92503476,0.635,10.351888,3.122365,510.0,18.0,0.0,-0.0008628545514598185
648,0.02154664,0.014457462,0.12279303,-0.19603007,0.535,0.92503476,0.635,10.377499,3.122365,510.0,19.0,0.0,-0.00967083397761126
649,-0.06566344,0.076583184,-0.07091633,-0.10913633,0.679,0.71069026,0.45999998,7.8690195,0.0,461.0,1.0,0.0,-0.012379485302661586
650,-0.042459797,-0.06566344,-0.1299104,-0.07091633,0.679,0.71069026,0.45999998,7.89804,0.0,461.0,2.0,0.0,-0.012633040206065843
651,-0.099388376,-0.042459797,-0.0796306,-0.1299104,0.679,0.71069026,0.45999998,7.9276853,0.0,461.0,3.0,0.0,-0.013700924109097262
652,0.049235966,-0.099388376,0.34054765,-0.0796306,0.679,0.71069026,0.45999998,7.957877,0.0,461.0,4.0,0.0,0.0037781974033463395
653,0.030744424,0.049235966,0.028519528,0.34054765,0.679,0.71069026,0.45999998,7.9882035,0.0,461.0,5.0,0.0,0.013033123239368727
654,0.03139714,0.030744424,-0.13564044,0.028519528,0.679,0.71069026,0.45999998,8.018954,0.0,461.0,6.0,1.0,-0.008005548268414348
655,-0.036529664,0.03139714,0.115951456,-0.13564044,0.679,0.71069026,0.45999998,8.053251,0.0,461.0,7.0,0.0,-0.006980744507832315
656,0.006319128,-0.036529664,0.07542653,0.115951456,0.679,0.71069026,0.45999998,8.088562,0.0,461.0,8.0,0.0,0.0037963656009182833
657,0.0,0.006319128,-0.0037159217,0.07542653,0.679,0.71069026,0.45999998,8.124743,0.0,461.0,9.0,0.0,-0.0010051386633595782
658,0.006279354,0.0,-0.1551777,-0.0037159217,0.679,0.71069026,0.45999998,8.16166,0.0,461.0,10.0,0.0,-0.0102712915576042
659,-0.046801828,0.006279354,0.2973097,-0.1551777,0.679,0.71069026,0.45999998,8.199189,0.0,461.0,11.0,1.0,-0.0014405702014597677
660,-0.13256961,-0.046801828,-0.3141484,0.2973097,0.679,0.71069026,0.45999998,8.235625,0.0,461.0,12.0,0.0,-0.0013301588633503059
661,-0.17728509,-0.13256961,0.15577751,-0.3141484,0.679,0.71069026,0.45999998,8.268732,0.0,461.0,13.0,0.0,-0.01423101923985226
662,0.11534237,-0.17728509,-0.014413556,0.15577751,0.679,0.71069026,0.45999998,8.26101,0.0,461.0,14.0,0.0,0.0025170784306833005
663,0.047593694,0.11534237,0.13319217,-0.014413556,0.679,0.71069026,0.45999998,8.291547,0.0,461.0,15.0,0.0,-0.00047223993198944325
664,0.065621555,0.047593694,-0.099976934,0.13319217,0.679,0.71069026,0.45999998,8.321178,0.0,461.0,16.0,0.0,-0.001642335442221643
665,0.0153035475,0.065621555,0.045556556,-0.099976934,0.679,0.71069026,0.45999998,8.349957,0.0,461.0,17.0,0.0,-0.007766508068399985
666,-0.04663565,0.0153035475,-0.18150194,0.045556556,0.679,0.71069026,0.45999998,8.376723,0.0,461.0,18.0,0.0,-0.008818652850766162
667,-0.0027497762,-0.04663565,0.26920286,-0.18150194,0.679,0.71069026,0.45999998,8.402056,0.0,461.0,19.0,0.0,-0.003725683175951816
668,0.67041206,-0.066433646,0.12278416,-0.076336466,0.572,0.8994653,0.7242,9.457747,2.3418057,500.0,1.0,1.0,-0.0038541006295980673
669,0.09641252,0.67041206,0.24964087,0.12278416,0.572,0.8994653,0.7242,9.478764,2.3418057,500.0,2.0,1.0,0.010362471712362875
670,0.119631946,0.09641252,-0.24608657,0.24964087,0.572,0.8994653,0.7242,9.498523,2.3418057,500.0,3.0,1.0,-0.0012113341532052346
671,-0.47397265,0.119631946,-0.1435355,-0.24608657,0.572,0.8994653,0.7242,9.51753,2.3418057,500.0,4.0,1.0,-0.021633785383243398
672,-0.06249992,-0.47397265,0.38113114,-0.1435355,0.572,0.8994653,0.7242,9.536546,2.3418057,500.0,5.0,1.0,0.0021246793568329148
673,-0.06481486,-0.06249992,-0.123392835,0.38113114,0.572,0.8994653,0.7242,9.556338,2.3418057,500.0,6.0,1.0,0.009569469087160387
674,0.007920808,-0.06481486,0.012560729,-0.123392835,0.572,0.8994653,0.7242,9.579142,2.3418057,500.0,7.0,1.0,-0.010085223409010996
675,0.03536347,0.007920808,0.29947272,0.012560729,0.572,0.8994653,0.7242,9.605014,2.3418057,500.0,8.0,1.0,0.006788836537412829
676,0.039848138,0.03536347,-0.16307446,0.29947272,0.572,0.8994653,0.7242,9.633907,2.3418057,500.0,9.0,1.0,0.004180952908966168
677,0.010948982,0.039848138,0.033911508,-0.16307446,0.572,0.8994653,0.7242,9.665801,2.3418057,500.0,10.0,1.0,-0.0112497203722432
678,0.016245494,0.010948982,-0.012825741,0.033911508,0.572,0.8994653,0.7242,9.700759,2.3418057,500.0,11.0,1.0,-0.003348731848332065
679,-0.02841924,0.016245494,-0.107432425,-0.012825741,0.572,0.8994653,0.7242,9.73501,2.3418057,500.0,12.0,0.0,-0.00900551999236357
680,0.049097013,-0.02841924,-0.1111896,-0.107432425,0.572,0.8994653,0.7242,9.767611,2.3418057,500.0,13.0,0.0,-0.013737804431368128
681,0.031215182,0.049097013,0.08850313,-0.1111896,0.572,0.8994653,0.7242,9.799804,2.3418057,500.0,14.0,1.0,-0.006774649278653511
682,0.081998974,0.031215182,-0.032241825,0.08850313,0.572,0.8994653,0.7242,9.830884,2.3418057,500.0,15.0,1.0,-0.0013903856902304779
683,0.05831027,0.081998974,0.112015925,-0.032241825,0.572,0.8994653,0.7242,9.860997,2.3418057,500.0,16.0,1.0,-0.0020964502764721227
684,0.018311286,0.05831027,-0.010439435,0.112015925,0.572,0.8994653,0.7242,9.890445,2.3418057,500.0,17.0,1.0,0.000532495651749676
685,0.027317585,0.018311286,-0.20925257,-0.010439435,0.572,0.8994653,0.7242,9.919225,2.3418057,500.0,18.0,1.0,-0.012533051920723598
686,0.04467524,0.027317585,0.21098661,-0.20925257,0.572,0.8994653,0.7242,9.947339,2.3418057,500.0,19.0,1.0,-0.007157545201006754
687,0.035714265,-0.028571425,-0.05488551,0.039806932,0.49,0.90163183,0.68,10.203925,1.6486586,490.0,1.0,1.0,-0.004567272808307432
688,-0.022312388,0.035714265,0.22349158,-0.05488551,0.49,0.90163183,0.68,10.234085,1.6486586,490.0,2.0,1.0,0.0007920931423814892
689,-0.043568462,-0.022312388,-0.20063603,0.22349158,0.49,0.90163183,0.68,10.265453,1.6486586,490.0,3.0,1.0,-0.0008557867420516396
690,-0.006507573,-0.043568462,0.03039666,-0.20063603,0.49,0.90163183,0.68,10.297622,1.6486586,490.0,4.0,1.0,-0.013200968740576163
691,-0.034934502,-0.006507573,0.15843524,0.03039666,0.49,0.90163183,0.68,10.330225,1.6486586,490.0,5.0,1.0,0.0026088060648695177
692,0.027149308,-0.034934502,-0.084380455,0.15843524,0.49,0.90163183,0.68,10.36303,1.6486586,490.0,6.0,1.0,0.0001425657367163935
693,0.019823795,0.027149308,0.061545853,-0.084380455,0.49,0.90163183,0.68,10.396078,1.6486586,490.0,7.0,1.0,-0.006436370009204939
694,-0.0064794626,0.019823795,0.1504061,0.061545853,0.49,0.90163183,0.68,10.429487,1.6486586,490.0,8.0,1.0,0.0038353290155771214
695,-0.0782609,-0.0064794626,0.026289005,0.1504061,0.49,0.90163183,0.68,10.46296,1.6486586,490.0,9.0,1.0,0.0037125202419645564
696,-0.09584019,-0.0782609,-0.08893605,0.026289005,0.49,0.90163183,0.68,10.496262,1.6486586,490.0,10.0,0.0,-0.006442693014285961
697,-0.11269138,-0.09584019,-0.103419065,-0.08893605,0.49,0.90163183,0.68,10.4790325,1.6486586,490.0,11.0,0.0,-0.012560830855061517
698,-0.13383582,-0.11269138,-0.15824342,-0.103419065,0.49,0.90163183,0.68,10.5097685,1.6486586,490.0,12.0,0.0,-0.015226518588267235
699,-0.1605368,-0.13383582,0.054055285,-0.15824342,0.49,0.90163183,0.68,10.59363,1.6486586,490.0,13.0,0.0,-0.010294114577967306
700,-0.06977158,-0.1605368,-0.015846694,0.054055285,0.49,0.90163183,0.68,10.625265,1.6486586,490.0,14.0,0.0,-0.0024778551013399375
701,-0.025194105,-0.06977158,0.027675277,-0.015846694,0.49,0.90163183,0.68,10.657008,1.6486586,490.0,15.0,0.0,-0.004317678431258354
702,-0.03891232,-0.025194105,-0.021976922,0.027675277,0.49,0.90163183,0.68,10.688484,1.6486586,490.0,16.0,1.0,-0.003979273081207324
703,-0.08517705,-0.03891232,-0.118878454,-0.021976922,0.49,0.90163183,0.68,10.720047,1.6486586,490.0,17.0,1.0,-0.009859844608945845
704,-0.0037673465,-0.08517705,0.0057941726,-0.118878454,0.49,0.90163183,0.68,10.751696,1.6486586,490.0,18.0,1.0,-0.010107959366205482
705,0.05458294,0.022105293,-0.058268376,-0.1250654,0.95,0.8182164,0.45499998,8.63888,0.18232156,551.0,1.0,0.0,-0.012701039279288062
706,-0.082031295,0.05458294,0.09060223,-0.058268376,0.95,0.8182164,0.45499998,8.673171,0.18232156,551.0,2.0,0.0,-0.004127589974016438
707,-0.106383,-0.082031295,-0.10590325,0.09060223,0.95,0.8182164,0.45499998,8.708805,0.18232156,551.0,3.0,0.0,-0.003924251474362206
708,-0.015476134,-0.106383,0.0639586,-0.10590325,0.95,0.8182164,0.45499998,8.744966,0.18232156,551.0,4.0,0.0,-0.007396030241324181
709,-0.0229746,-0.015476134,0.06065291,0.0639586,0.95,0.8182164,0.45499998,8.781402,0.18232156,551.0,5.0,0.0,0.0007408828445762405
710,-0.02722774,-0.0229746,0.07554492,0.06065291,0.95,0.8182164,0.45499998,8.817742,0.18232156,551.0,6.0,0.0,0.0011131196848733205
711,-0.03307891,-0.02722774,-0.2574073,0.07554492,0.95,0.8182164,0.45499998,8.853808,0.18232156,551.0,7.0,0.0,-0.010077410391784891
712,-0.0039473176,-0.03307891,0.19598894,-0.2574073,0.95,0.8182164,0.45499998,8.889584,0.18232156,551.0,8.0,0.0,-0.010034514252722393
713,-0.0013210656,-0.0039473176,0.14767607,0.19598894,0.95,0.8182164,0.45499998,8.924922,0.18232156,551.0,9.0,0.0,0.010271506768041172
714,-0.088624306,-0.0013210656,-0.17837112,0.14767607,0.95,0.8182164,0.45499998,8.959569,0.18232156,551.0,10.0,0.0,-0.0037436618619102746
715,0.014513774,-0.088624306,0.031313375,-0.17837112,0.95,0.8182164,0.45499998,8.993427,0.18232156,551.0,11.0,0.0,-0.012086101490793005
716,-0.045932245,0.014513774,-0.29442805,0.031313375,0.95,0.8182164,0.45499998,9.026298,0.18232156,551.0,12.0,0.0,-0.013551782657702183
717,0.037901226,-0.045932245,0.44534755,-0.29442805,0.95,0.8182164,0.45499998,9.0641575,0.18232156,551.0,13.0,0.0,-0.0029107218527573697
718,-0.11165415,0.037901226,-0.2709921,0.44534755,0.95,0.8182164,0.45499998,9.047952,0.18232156,551.0,14.0,0.0,0.0018491900769470604
719,-0.05133714,-0.11165415,4.0604726e-05,-0.2709921,0.95,0.8182164,0.45499998,9.0757475,0.18232156,551.0,15.0,0.0,-0.017706492494300508
720,0.03955673,-0.05133714,0.10975655,4.0604726e-05,0.95,0.8182164,0.45499998,9.102756,0.18232156,551.0,16.0,0.0,-0.0006083888236173562
721,0.008051742,0.03955673,0.03166931,0.10975655,0.95,0.8182164,0.45499998,9.128523,0.18232156,551.0,17.0,0.0,0.0019294993631875368
722,-0.041565705,0.008051742,-0.1590142,0.03166931,0.95,0.8182164,0.45499998,9.153051,0.18232156,551.0,18.0,0.0,-0.008688870868202359
723,0.0013830108,-0.041565705,0.17025287,-0.1590142,0.95,0.8182164,0.45499998,9.17634,0.18232156,551.0,19.0,0.0,-0.006173590350296743
724,0.062189095,0.013445305,0.23024864,0.08327725,1.19,0.54395044,0.50979996,8.85495,1.3609766,552.0,1.0,0.0,0.007748528716010866
725,0.039812647,0.062189095,-0.38562056,0.23024864,1.19,0.54395044,0.50979996,8.889722,1.3609766,552.0,2.0,0.0,-0.007146834594882023
726,0.024023984,0.039812647,0.014161941,-0.38562056,1.19,0.54395044,0.50979996,8.926784,1.3609766,552.0,3.0,0.0,-0.022772065541430075
727,-0.115102604,0.024023984,0.10982285,0.014161941,1.19,0.54395044,0.50979996,8.964696,1.3609766,552.0,4.0,0.0,8.027369050295219e-05
728,0.007456457,-0.115102604,0.37960923,0.10982285,1.19,0.54395044,0.50979996,9.001593,1.3609766,552.0,5.0,0.0,0.01438331191394368
729,-0.03124999,0.007456457,-0.09056277,0.37960923,1.19,0.54395044,0.50979996,9.036701,1.3609766,552.0,6.0,0.0,0.01067028739788356
730,0.022071328,-0.03124999,-0.28459096,-0.09056277,1.19,0.54395044,0.50979996,9.070158,1.3609766,552.0,7.0,0.0,-0.01912289599893685
731,-0.09717607,0.022071328,0.39568108,-0.28459096,1.19,0.54395044,0.50979996,9.102309,1.3609766,552.0,8.0,0.0,-0.004209895952429488
732,0.078196906,-0.09717607,-0.09092306,0.39568108,1.19,0.54395044,0.50979996,9.133027,1.3609766,552.0,9.0,0.0,0.011438478943193026
733,0.008532415,0.078196906,-0.06477495,-0.09092306,1.19,0.54395044,0.50979996,9.16241,1.3609766,552.0,10.0,0.0,-0.011274567744395059
734,0.05583755,0.008532415,-0.15968333,-0.06477495,1.19,0.54395044,0.50979996,9.190648,1.3609766,552.0,11.0,0.0,-0.013399958815685703
735,-0.06891032,0.05583755,-0.17316683,-0.15968333,1.19,0.54395044,0.50979996,9.218209,1.3609766,552.0,12.0,0.0,-0.018494949783655124
736,-0.00025657698,-0.06891032,0.5465146,-0.17316683,1.19,0.54395044,0.50979996,9.246094,1.3609766,552.0,13.0,0.0,0.006602649325870152
737,0.030295882,-0.00025657698,-0.31690204,0.5465146,1.19,0.54395044,0.50979996,9.262116,1.3609766,552.0,14.0,0.0,-0.0060521098978841
738,-0.018779496,0.030295882,0.061179265,-0.31690204,1.19,0.54395044,0.50979996,9.285019,1.3609766,552.0,15.0,0.0,-0.01774992346938903
739,0.07848963,-0.018779496,0.51364183,0.061179265,1.19,0.54395044,0.50979996,9.30665,1.3609766,552.0,16.0,0.0,0.016815444654827927
740,0.008136905,0.07848963,0.04438013,0.51364183,1.19,0.54395044,0.50979996,9.327418,1.3609766,552.0,17.0,0.0,0.022012967527998473
741,0.01749436,0.008136905,-0.18148221,0.04438013,1.19,0.54395044,0.50979996,9.347324,1.3609766,552.0,18.0,1.0,-0.008875120567207073
742,-0.017228173,0.01749436,0.09441991,-0.18148221,1.19,0.54395044,0.50979996,9.366368,1.3609766,552.0,19.0,1.0,-0.009979111329041834
