,GPCP_g,GPCP_g_l,gdp_g,gdp_g_l,y_0,polity2l,ethfrac,relfrac,Oil,lpopl1,lmtnest,ccode,year,any_prio,war_prio
0,-0.07965317,-0.10758667,-0.03703709,0.01963748,0.662,-7.0,0.78328174,0.6122,1.0,8.9334,2.3702438,540.0,1981-01-01,1.0,1.0
1,0.15567964,-0.07965317,0.044615455,-0.03703709,0.662,-7.0,0.78328174,0.6122,1.0,8.959697,2.3702438,540.0,1982-01-01,1.0,1.0
2,-0.034482066,0.15567964,-0.008836586,0.044615455,0.662,-7.0,0.78328174,0.6122,1.0,8.985946,2.3702438,540.0,1983-01-01,1.0,1.0
3,0.059924528,-0.034482066,0.026745925,-0.008836586,0.662,-7.0,0.78328174,0.6122,1.0,9.012134,2.3702438,540.0,1984-01-01,1.0,1.0
4,-0.018276548,0.059924528,0.028943619,0.026745925,0.662,-7.0,0.78328174,0.6122,1.0,9.035987,2.3702438,540.0,1985-01-01,1.0,1.0
5,0.21601908,-0.018276548,-0.002812987,0.028943619,0.662,-7.0,0.78328174,0.6122,1.0,9.060099,2.3702438,540.0,1986-01-01,1.0,1.0
6,-0.103501625,0.21601908,0.011283521,-0.002812987,0.662,-7.0,0.78328174,0.6122,1.0,9.087155,2.3702438,540.0,1987-01-01,1.0,1.0
7,0.14791209,-0.103501625,0.022315163,0.011283521,0.662,-7.0,0.78328174,0.6122,1.0,9.11427,2.3702438,540.0,1988-01-01,1.0,1.0
8,-0.116581805,0.14791209,-0.043656215,0.022315163,0.662,-7.0,0.78328174,0.6122,1.0,9.141418,2.3702438,540.0,1989-01-01,1.0,1.0
9,0.052566122,-0.116581805,-0.03351065,-0.043656215,0.662,-7.0,0.78328174,0.6122,1.0,9.168476,2.3702438,540.0,1990-01-01,1.0,1.0
10,-0.20093897,0.052566122,-0.03185543,-0.03351065,0.662,-7.0,0.78328174,0.6122,1.0,9.212338,2.3702438,540.0,1991-01-01,1.0,1.0
11,-0.23940173,-0.20093897,-0.08411914,-0.03185543,0.662,-3.0,0.78328174,0.6122,1.0,9.16115,2.3702438,540.0,1992-01-01,1.0,1.0
12,0.45613328,-0.23940173,-0.26336798,-0.08411914,0.662,0.0,0.78328174,0.6122,1.0,9.269552,2.3702438,540.0,1993-01-01,1.0,1.0
13,-0.13509859,0.45613328,-0.019394048,-0.26336798,0.662,-1.0,0.78328174,0.6122,1.0,9.238499,2.3702438,540.0,1994-01-01,1.0,1.0
14,-0.0066473167,-0.13509859,0.069228396,-0.019394048,0.662,-1.0,0.78328174,0.6122,1.0,9.271148,2.3702438,540.0,1995-01-01,1.0,0.0
15,-0.07016658,-0.0066473167,0.06647016,0.069228396,0.662,-2.0,0.78328174,0.6122,1.0,9.303102,2.3702438,540.0,1996-01-01,1.0,0.0
16,-0.06334932,-0.07016658,0.030391987,0.06647016,0.662,-2.0,0.78328174,0.6122,1.0,9.334077,2.3702438,540.0,1997-01-01,1.0,1.0
17,-0.06949023,-0.06334932,0.0024375962,0.030391987,0.662,-3.0,0.78328174,0.6122,1.0,9.363824,2.3702438,540.0,1998-01-01,1.0,1.0
18,0.30919966,-0.06949023,-0.0016530666,0.0024375962,0.662,-3.0,0.78328174,0.6122,1.0,9.392871,2.3702438,540.0,1999-01-01,1.0,1.0
19,-0.031209763,-0.08152759,0.05655304,0.054924212,1.056,-7.0,0.61817753,0.46499997,0.0,8.150179,0.0,434.0,1981-01-01,0.0,0.0
20,0.038273197,-0.031209763,-0.13508923,0.05655304,1.056,-7.0,0.61817753,0.46499997,0.0,8.179761,0.0,434.0,1982-01-01,0.0,0.0
21,-0.11017888,0.038273197,-0.009823173,-0.13508923,1.056,-7.0,0.61817753,0.46499997,0.0,8.210124,0.0,434.0,1983-01-01,0.0,0.0
22,0.12808706,-0.11017888,0.024801563,-0.009823173,1.056,-7.0,0.61817753,0.46499997,0.0,8.241177,0.0,434.0,1984-01-01,0.0,0.0
23,0.016300341,0.12808706,0.07260411,0.024801563,1.056,-7.0,0.61817753,0.46499997,0.0,8.272826,0.0,434.0,1985-01-01,0.0,0.0
24,0.0019970469,0.016300341,-0.040613785,0.07260411,1.056,-7.0,0.61817753,0.46499997,0.0,8.304742,0.0,434.0,1986-01-01,0.0,0.0
25,-0.10598074,0.0019970469,-0.06396986,-0.040613785,1.056,-7.0,0.61817753,0.46499997,0.0,8.336869,0.0,434.0,1987-01-01,0.0,0.0
26,0.17481922,-0.10598074,0.0,-0.06396986,1.056,-7.0,0.61817753,0.46499997,0.0,8.368925,0.0,434.0,1988-01-01,0.0,0.0
27,0.11288025,0.17481922,-0.07437186,0.0,1.056,-7.0,0.61817753,0.46499997,0.0,8.400884,0.0,434.0,1989-01-01,0.0,0.0
28,-0.21179771,0.11288025,-0.0010857624,-0.07437186,1.056,-7.0,0.61817753,0.46499997,0.0,8.432507,0.0,434.0,1990-01-01,0.0,0.0
29,0.39833054,-0.21179771,0.028260829,-0.0010857624,1.056,0.0,0.61817753,0.46499997,0.0,8.463793,0.0,434.0,1991-01-01,0.0,0.0
30,-0.14058055,0.39833054,0.009955803,0.028260829,1.056,6.0,0.61817753,0.46499997,0.0,8.494129,0.0,434.0,1992-01-01,0.0,0.0
31,-0.030846553,-0.14058055,0.0060863523,0.009955803,1.056,6.0,0.61817753,0.46499997,0.0,8.5271435,0.0,434.0,1993-01-01,0.0,0.0
32,0.18389,-0.030846553,0.014470779,0.0060863523,1.056,6.0,0.61817753,0.46499997,0.0,8.551934,0.0,434.0,1994-01-01,0.0,0.0
33,-0.15752746,0.18389,0.017286263,0.014470779,1.056,6.0,0.61817753,0.46499997,0.0,8.580168,0.0,434.0,1995-01-01,0.0,0.0
34,0.0053247963,-0.15752746,0.026479965,0.017286263,1.056,6.0,0.61817753,0.46499997,0.0,8.607947,0.0,434.0,1996-01-01,0.0,0.0
35,-0.029917803,0.0053247963,0.02861304,0.026479965,1.056,6.0,0.61817753,0.46499997,0.0,8.636206,0.0,434.0,1997-01-01,0.0,0.0
36,0.12649818,-0.029917803,0.01681591,0.02861304,1.056,6.0,0.61817753,0.46499997,0.0,8.664939,0.0,434.0,1998-01-01,0.0,0.0
37,-0.038862567,0.12649818,0.020730998,0.01681591,1.056,6.0,0.61817753,0.46499997,0.0,8.69415,0.0,434.0,1999-01-01,0.0,0.0
38,0.03197671,0.20698564,0.017010305,0.11815564,1.735,9.0,0.5063918,0.5,0.0,6.8046145,0.0,571.0,1981-01-01,0.0,0.0
39,-0.27932394,0.03197671,0.003547881,0.017010305,1.735,9.0,0.5063918,0.5,0.0,6.8394766,0.0,571.0,1982-01-01,0.0,0.0
40,0.05723461,-0.27932394,-0.0540404,0.003547881,1.735,9.0,0.5063918,0.5,0.0,6.8741984,0.0,571.0,1983-01-01,0.0,0.0
41,-0.20282876,0.05723461,0.03950881,-0.0540404,1.735,9.0,0.5063918,0.5,0.0,6.9097533,0.0,571.0,1984-01-01,0.0,0.0
42,0.14675282,-0.20282876,0.2003081,0.03950881,1.735,9.0,0.5063918,0.5,0.0,6.945051,0.0,571.0,1985-01-01,0.0,0.0
43,0.11736344,0.14675282,0.1390672,0.2003081,1.735,9.0,0.5063918,0.5,0.0,6.980076,0.0,571.0,1986-01-01,0.0,0.0
44,-0.20743881,0.11736344,-0.1709241,0.1390672,1.735,9.0,0.5063918,0.5,0.0,7.0157123,0.0,571.0,1987-01-01,0.0,0.0
45,0.82032686,-0.20743881,0.09198009,-0.1709241,1.735,9.0,0.5063918,0.5,0.0,7.0501227,0.0,571.0,1988-01-01,0.0,0.0
46,-0.14055282,0.82032686,-0.08796686,0.09198009,1.735,9.0,0.5063918,0.5,0.0,7.0850644,0.0,571.0,1989-01-01,0.0,0.0
47,-0.33362722,-0.14055282,0.039055414,-0.08796686,1.735,9.0,0.5063918,0.5,0.0,7.1188264,0.0,571.0,1990-01-01,0.0,0.0
48,0.36343122,-0.33362722,0.04304531,0.039055414,1.735,9.0,0.5063918,0.5,0.0,7.17012,0.0,571.0,1991-01-01,0.0,0.0
49,-0.48391217,0.36343122,0.001306698,0.04304531,1.735,9.0,0.5063918,0.5,0.0,7.2063775,0.0,571.0,1992-01-01,0.0,0.0
50,0.74782455,-0.48391217,-0.0072933096,0.001306698,1.735,9.0,0.5063918,0.5,0.0,7.237059,0.0,571.0,1993-01-01,0.0,0.0
51,-0.08228507,0.74782455,0.009759254,-0.0072933096,1.735,9.0,0.5063918,0.5,0.0,7.236764,0.0,571.0,1994-01-01,0.0,0.0
52,0.092074394,-0.08228507,0.025883522,0.009759254,1.735,9.0,0.5063918,0.5,0.0,7.262222,0.0,571.0,1995-01-01,0.0,0.0
53,0.16764747,0.092074394,0.043672197,0.025883522,1.735,9.0,0.5063918,0.5,0.0,7.286192,0.0,571.0,1996-01-01,0.0,0.0
54,0.05494281,0.16764747,0.01494959,0.043672197,1.735,9.0,0.5063918,0.5,0.0,7.31055,0.0,571.0,1997-01-01,0.0,0.0
55,-0.22840853,0.05494281,0.016072422,0.01494959,1.735,9.0,0.5063918,0.5,0.0,7.334982,0.0,571.0,1998-01-01,0.0,0.0
56,-0.08622913,-0.22840853,0.027533462,0.016072422,1.735,9.0,0.5063918,0.5,0.0,7.353543,0.0,571.0,1999-01-01,0.0,0.0
57,-0.04020105,-0.06699625,0.019693661,-0.008676807,0.461,-7.0,0.67825544,0.58000004,0.0,8.848222,0.0,439.0,1981-01-01,0.0,0.0
58,0.007910396,-0.04020105,0.09871252,0.019693661,0.461,-7.0,0.67825544,0.58000004,0.0,8.872347,0.0,439.0,1982-01-01,0.0,0.0
59,-0.14046387,0.007910396,-0.019531347,0.09871252,0.461,-7.0,0.67825544,0.58000004,0.0,8.896725,0.0,439.0,1983-01-01,0.0,0.0
60,0.122348905,-0.14046387,-0.05577683,-0.019531347,0.461,-7.0,0.67825544,0.58000004,0.0,8.921457,0.0,439.0,1984-01-01,0.0,0.0
61,0.17089209,0.122348905,0.044303793,-0.05577683,0.461,-7.0,0.67825544,0.58000004,0.0,8.946635,0.0,439.0,1985-01-01,0.0,0.0
62,0.008674046,0.17089209,0.032323178,0.044303793,0.461,-7.0,0.67825544,0.58000004,0.0,8.97221,0.0,439.0,1986-01-01,0.0,0.0
63,-0.09106884,0.008674046,0.0,0.032323178,0.461,-7.0,0.67825544,0.58000004,0.0,8.9982605,0.0,439.0,1987-01-01,1.0,0.0
64,0.13566488,-0.09106884,0.021526493,0.0,0.461,-7.0,0.67825544,0.58000004,0.0,9.024854,0.0,439.0,1988-01-01,0.0,0.0
65,0.032880668,0.13566488,-0.0057471665,0.021526493,0.461,-7.0,0.67825544,0.58000004,0.0,9.051813,0.0,439.0,1989-01-01,0.0,0.0
66,-0.20111379,0.032880668,-0.015414289,-0.0057471665,0.461,-7.0,0.67825544,0.58000004,0.0,9.079092,0.0,439.0,1990-01-01,1.0,1.0
67,0.3402763,-0.20111379,0.021526493,-0.015414289,0.461,-7.0,0.67825544,0.58000004,0.0,9.106756,0.0,439.0,1991-01-01,1.0,0.0
68,-0.0880628,0.3402763,-0.015325701,0.021526493,0.461,-5.0,0.67825544,0.58000004,0.0,9.134754,0.0,439.0,1992-01-01,0.0,0.0
69,-0.058146194,-0.0880628,-0.03092797,-0.015325701,0.461,-5.0,0.67825544,0.58000004,0.0,9.1638775,0.0,439.0,1993-01-01,0.0,0.0
70,0.20209405,-0.058146194,-0.011312315,-0.03092797,0.461,-5.0,0.67825544,0.58000004,0.0,9.16198,0.0,439.0,1994-01-01,0.0,0.0
71,-0.15621403,0.20209405,0.016192473,-0.011312315,0.461,-5.0,0.67825544,0.58000004,0.0,9.185538,0.0,439.0,1995-01-01,0.0,0.0
72,0.017636545,-0.15621403,0.035118937,0.016192473,0.461,-5.0,0.67825544,0.58000004,0.0,9.20914,0.0,439.0,1996-01-01,0.0,0.0
73,0.016957114,0.017636545,0.021777097,0.035118937,0.461,-5.0,0.67825544,0.58000004,0.0,9.232591,0.0,439.0,1997-01-01,0.0,0.0
74,0.06234218,0.016957114,0.036792293,0.021777097,0.461,-4.0,0.67825544,0.58000004,0.0,9.256606,0.0,439.0,1998-01-01,0.0,0.0
75,0.055314016,0.06234218,0.03325863,0.036792293,0.461,-4.0,0.67825544,0.58000004,0.0,9.280829,0.0,439.0,1999-01-01,0.0,0.0
76,0.06007178,-0.113283366,0.054166652,-0.014373716,0.487,-7.0,0.03551066,0.5502,0.0,8.326033,4.3241324,516.0,1981-01-01,0.0,0.0
77,0.29582274,0.06007178,-0.0059287776,0.054166652,0.487,-7.0,0.03551066,0.5502,0.0,8.353025,4.3241324,516.0,1982-01-01,0.0,0.0
78,-0.23330225,0.29582274,-0.031809207,-0.0059287776,0.487,-7.0,0.03551066,0.5502,0.0,8.380686,4.3241324,516.0,1983-01-01,0.0,0.0
79,-0.03641112,-0.23330225,-0.008213508,-0.031809207,0.487,-7.0,0.03551066,0.5502,0.0,8.408717,4.3241324,516.0,1984-01-01,0.0,0.0
80,0.20109311,-0.03641112,0.0910973,-0.008213508,0.487,-7.0,0.03551066,0.5502,0.0,8.4372835,4.3241324,516.0,1985-01-01,0.0,0.0
81,-0.1001252,0.20109311,0.045540776,0.0910973,0.487,-7.0,0.03551066,0.5502,0.0,8.465899,4.3241324,516.0,1986-01-01,0.0,0.0
82,0.016232695,-0.1001252,-0.023593487,0.045540776,0.487,-7.0,0.03551066,0.5502,0.0,8.494743,4.3241324,516.0,1987-01-01,0.0,0.0
83,0.1524713,0.016232695,0.03903351,-0.023593487,0.487,-7.0,0.03551066,0.5502,0.0,8.523771,4.3241324,516.0,1988-01-01,0.0,0.0
84,0.0019980953,0.1524713,-0.048300553,0.03903351,0.487,-7.0,0.03551066,0.5502,0.0,8.552753,4.3241324,516.0,1989-01-01,0.0,0.0
85,-0.12578216,0.0019980953,0.0338346,-0.048300553,0.487,-7.0,0.03551066,0.5502,0.0,8.581857,4.3241324,516.0,1990-01-01,1.0,0.0
86,-0.046711095,-0.12578216,0.0181818,0.0338346,0.487,-7.0,0.03551066,0.5502,0.0,8.611048,4.3241324,516.0,1991-01-01,1.0,0.0
87,-0.07361777,-0.046711095,0.016071435,0.0181818,0.487,-7.0,0.03551066,0.5502,0.0,8.639941,4.3241324,516.0,1992-01-01,1.0,0.0
88,-0.16530217,-0.07361777,-0.07957922,0.016071435,0.487,-3.0,0.03551066,0.5502,0.0,8.66768,4.3241324,516.0,1993-01-01,0.0,0.0
89,0.06433335,-0.16530217,-0.06084713,-0.07957922,0.487,0.0,0.03551066,0.5502,0.0,8.680784,4.3241324,516.0,1994-01-01,0.0,0.0
90,0.0109249465,0.06433335,-0.09221147,-0.06084713,0.487,0.0,0.03551066,0.5502,0.0,8.703631,4.3241324,516.0,1995-01-01,1.0,0.0
91,0.0068738866,0.0109249465,-0.10345233,-0.09221147,0.487,0.0,0.03551066,0.5502,0.0,8.725183,4.3241324,516.0,1996-01-01,1.0,0.0
92,0.07617104,0.0068738866,-0.017306678,-0.10345233,0.487,-5.0,0.03551066,0.5502,0.0,8.747128,4.3241324,516.0,1997-01-01,1.0,0.0
93,-0.1550051,0.07617104,0.027148554,-0.017306678,0.487,-5.0,0.03551066,0.5502,0.0,8.769465,4.3241324,516.0,1998-01-01,1.0,1.0
94,0.18283774,-0.1550051,-0.029715417,0.027148554,0.487,-1.0,0.03551066,0.5502,0.0,8.792197,4.3241324,516.0,1999-01-01,1.0,0.0
95,-0.07508384,0.031963903,0.08375211,0.11380595,1.072,-8.0,0.8918986,0.64,1.0,9.071194,2.9285235,471.0,1981-01-01,0.0,0.0
96,0.08978375,-0.07508384,-0.010046377,0.08375211,1.072,-8.0,0.8918986,0.64,1.0,9.099855,2.9285235,471.0,1982-01-01,0.0,0.0
97,-0.19897981,0.08978375,0.047619037,-0.010046377,1.072,-7.0,0.8918986,0.64,1.0,9.127502,2.9285235,471.0,1983-01-01,0.0,0.0
98,0.13033372,-0.19897981,0.045454536,0.047619037,1.072,-8.0,0.8918986,0.64,1.0,9.1545105,2.9285235,471.0,1984-01-01,1.0,0.0
99,0.0878068,0.13033372,0.059871696,0.045454536,1.072,-8.0,0.8918986,0.64,1.0,9.180912,2.9285235,471.0,1985-01-01,0.0,0.0
100,-0.09834876,0.0878068,0.008069916,0.059871696,1.072,-8.0,0.8918986,0.64,0.0,9.207235,2.9285235,471.0,1986-01-01,0.0,0.0
101,-0.05273278,-0.09834876,-0.040026646,0.008069916,1.072,-8.0,0.8918986,0.64,0.0,9.2344475,2.9285235,471.0,1987-01-01,0.0,0.0
102,0.12180596,-0.05273278,-0.07574702,-0.040026646,1.072,-8.0,0.8918986,0.64,1.0,9.262553,2.9285235,471.0,1988-01-01,0.0,0.0
103,-0.07643539,0.12180596,0.023308193,-0.07574702,1.072,-8.0,0.8918986,0.64,0.0,9.291552,2.9285235,471.0,1989-01-01,0.0,0.0
104,0.1519678,-0.07643539,-0.09919177,0.023308193,1.072,-8.0,0.8918986,0.64,1.0,9.321434,2.9285235,471.0,1990-01-01,0.0,0.0
105,-0.07731672,0.1519678,-0.09461659,-0.09919177,1.072,-8.0,0.8918986,0.64,1.0,9.352187,2.9285235,471.0,1991-01-01,0.0,0.0
106,0.014713346,-0.07731672,-0.072972946,-0.09461659,1.072,-8.0,0.8918986,0.64,1.0,9.382696,2.9285235,471.0,1992-01-01,0.0,0.0
107,0.059685417,0.014713346,-0.05852898,-0.072972946,1.072,-4.0,0.8918986,0.64,1.0,9.412628,2.9285235,471.0,1993-01-01,0.0,0.0
108,-0.03321697,0.059685417,-0.051890302,-0.05852898,1.072,-4.0,0.8918986,0.64,1.0,9.431195,2.9285235,471.0,1994-01-01,0.0,0.0
109,-0.0051040864,-0.03321697,0.0044918163,-0.051890302,1.072,-4.0,0.8918986,0.64,0.0,9.458929,2.9285235,471.0,1995-01-01,0.0,0.0
110,0.0051886947,-0.0051040864,0.021719275,0.0044918163,1.072,-4.0,0.8918986,0.64,0.0,9.486608,2.9285235,471.0,1996-01-01,0.0,0.0
111,-0.0057308082,0.0051886947,0.022842547,0.021719275,1.072,-4.0,0.8918986,0.64,0.0,9.514376,2.9285235,471.0,1997-01-01,0.0,0.0
112,-0.09221296,-0.0057308082,0.02195582,0.022842547,1.072,-4.0,0.8918986,0.64,0.0,9.542234,2.9285235,471.0,1998-01-01,0.0,0.0
113,0.18512261,-0.09221296,0.016678238,0.02195582,1.072,-4.0,0.8918986,0.64,0.0,9.570183,2.9285235,471.0,1999-01-01,0.0,0.0
114,0.033061206,0.016412064,-0.08215293,-0.043360442,0.738,-7.0,0.68629944,0.7828,0.0,7.7493224,1.686399,482.0,1981-01-01,0.0,0.0
115,0.04042439,0.033061206,0.03395064,-0.08215293,0.738,-7.0,0.68629944,0.7828,0.0,7.7723317,1.686399,482.0,1982-01-01,0.0,0.0
116,-0.1201971,0.04042439,-0.12537313,0.03395064,0.738,-7.0,0.68629944,0.7828,0.0,7.7968802,1.686399,482.0,1983-01-01,0.0,0.0
117,-0.089203656,-0.1201971,0.061433364,-0.12537313,0.738,-7.0,0.68629944,0.7828,0.0,7.822445,1.686399,482.0,1984-01-01,0.0,0.0
118,0.20097896,-0.089203656,0.012861763,0.061433364,0.738,-7.0,0.68629944,0.7828,0.0,7.8489337,1.686399,482.0,1985-01-01,0.0,0.0
119,-0.035367023,0.20097896,-0.019047657,0.012861763,0.738,-7.0,0.68629944,0.7828,0.0,7.875119,1.686399,482.0,1986-01-01,0.0,0.0
120,0.008288317,-0.035367023,-0.053398047,-0.019047657,0.738,-7.0,0.68629944,0.7828,0.0,7.9017477,1.686399,482.0,1987-01-01,0.0,0.0
121,0.0797302,0.008288317,0.005128241,-0.053398047,0.738,-7.0,0.68629944,0.7828,0.0,7.9287663,1.686399,482.0,1988-01-01,0.0,0.0
122,0.027145252,0.0797302,-0.0051020766,0.005128241,0.738,-7.0,0.68629944,0.7828,0.0,7.956126,1.686399,482.0,1989-01-01,0.0,0.0
123,0.0031014835,0.027145252,-0.010256381,-0.0051020766,0.738,-7.0,0.68629944,0.7828,0.0,7.9827576,1.686399,482.0,1990-01-01,0.0,0.0
124,0.0003919488,0.0031014835,-0.05008633,-0.010256381,0.738,-7.0,0.68629944,0.7828,0.0,8.00903,1.686399,482.0,1991-01-01,0.0,0.0
125,-0.075342454,0.0003919488,-0.065454565,-0.05008633,0.738,-6.0,0.68629944,0.7828,0.0,8.034631,1.686399,482.0,1992-01-01,0.0,0.0
126,-0.031539813,-0.075342454,-0.01871551,-0.065454565,0.738,-6.0,0.68629944,0.7828,0.0,8.061487,1.686399,482.0,1993-01-01,0.0,0.0
127,0.06979691,-0.031539813,0.027407255,-0.01871551,0.738,6.0,0.68629944,0.7828,0.0,8.055612,1.686399,482.0,1994-01-01,0.0,0.0
128,-0.009190117,0.06979691,0.0494806,0.027407255,0.738,6.0,0.68629944,0.7828,0.0,8.077165,1.686399,482.0,1995-01-01,0.0,0.0
129,0.003328269,-0.009190117,-0.05955457,0.0494806,0.738,6.0,0.68629944,0.7828,0.0,8.098035,1.686399,482.0,1996-01-01,0.0,0.0
130,-0.08637662,0.003328269,0.032447975,-0.05955457,0.738,6.0,0.68629944,0.7828,0.0,8.117936,1.686399,482.0,1997-01-01,0.0,0.0
131,0.126465,-0.08637662,0.02760788,0.032447975,0.738,6.0,0.68629944,0.7828,0.0,8.136869,1.686399,482.0,1998-01-01,0.0,0.0
132,0.05334325,0.126465,0.015836865,0.02760788,0.738,6.0,0.68629944,0.7828,0.0,8.154834,1.686399,482.0,1999-01-01,0.0,0.0
133,-0.14596583,0.20731509,-0.1117424,-0.080139376,0.574,0.0,0.82627285,0.625,0.0,8.406709,2.2512918,483.0,1981-01-01,1.0,1.0
134,-0.09009705,-0.14596583,-0.21108744,-0.1117424,0.574,0.0,0.82627285,0.625,0.0,8.428799,2.2512918,483.0,1982-01-01,1.0,1.0
135,-0.10410871,-0.09009705,-0.18918917,-0.21108744,0.574,0.0,0.82627285,0.625,0.0,8.451054,2.2512918,483.0,1983-01-01,1.0,1.0
136,-0.21867196,-0.10410871,0.0333333,-0.18918917,0.574,0.0,0.82627285,0.625,0.0,8.473868,2.2512918,483.0,1984-01-01,1.0,1.0
137,0.33064145,-0.21867196,0.31935486,0.0333333,0.574,-4.0,0.82627285,0.625,0.0,8.49699,2.2512918,483.0,1985-01-01,1.0,1.0
138,-0.09824344,0.33064145,-0.053789765,0.31935486,0.574,-7.0,0.82627285,0.625,0.0,8.520786,2.2512918,483.0,1986-01-01,1.0,1.0
139,-0.09005973,-0.09824344,-0.049095593,-0.053789765,0.574,-7.0,0.82627285,0.625,0.0,8.545003,2.2512918,483.0,1987-01-01,1.0,1.0
140,0.47365308,-0.09005973,0.08695654,-0.049095593,0.574,-7.0,0.82627285,0.625,0.0,8.5694065,2.2512918,483.0,1988-01-01,1.0,1.0
141,-0.18137448,0.47365308,0.029999986,0.08695654,0.574,-7.0,0.82627285,0.625,0.0,8.594339,2.2512918,483.0,1989-01-01,1.0,0.0
142,-0.30302858,-0.18137448,-0.031553425,0.029999986,0.574,-7.0,0.82627285,0.625,0.0,8.619389,2.2512918,483.0,1990-01-01,1.0,1.0
143,0.3913709,-0.30302858,0.07017543,-0.031553425,0.574,-7.0,0.82627285,0.625,0.0,8.644707,2.2512918,483.0,1991-01-01,1.0,0.0
144,0.09809083,0.3913709,-0.044496473,0.07017543,0.574,-5.0,0.82627285,0.625,0.0,8.670086,2.2512918,483.0,1992-01-01,1.0,0.0
145,-0.21088977,0.09809083,-0.1827702,-0.044496473,0.574,-4.0,0.82627285,0.625,0.0,8.695674,2.2512918,483.0,1993-01-01,1.0,0.0
146,0.6323304,-0.21088977,0.066614546,-0.1827702,0.574,-4.0,0.82627285,0.625,0.0,8.740057,2.2512918,483.0,1994-01-01,1.0,0.0
147,-0.19466266,0.6323304,-0.026111873,0.066614546,0.574,-4.0,0.82627285,0.625,0.0,8.773984,2.2512918,483.0,1995-01-01,0.0,0.0
148,-0.027493162,-0.19466266,-0.0045106593,-0.026111873,0.574,-4.0,0.82627285,0.625,0.0,8.810907,2.2512918,483.0,1996-01-01,0.0,0.0
149,-0.12097266,-0.027493162,0.017995058,-0.0045106593,0.574,-2.0,0.82627285,0.625,0.0,8.844675,2.2512918,483.0,1997-01-01,1.0,0.0
150,0.18806909,-0.12097266,0.038665704,0.017995058,0.574,-2.0,0.82627285,0.625,0.0,8.875289,2.2512918,483.0,1998-01-01,1.0,1.0
151,0.104343496,0.18806909,-0.035133827,0.038665704,0.574,-2.0,0.82627285,0.625,0.0,8.902747,2.2512918,483.0,1999-01-01,1.0,1.0
152,-0.024177268,0.294671,0.05851886,0.11942027,1.725,-8.0,0.6572124,0.51919997,1.0,7.396335,0.0,484.0,1981-01-01,0.0,0.0
153,0.12100341,-0.024177268,0.23727992,0.05851886,1.725,-8.0,0.6572124,0.51919997,1.0,7.4312997,0.0,484.0,1982-01-01,0.0,0.0
154,-0.21789347,0.12100341,0.008303641,0.23727992,1.725,-8.0,0.6572124,0.51919997,1.0,7.4662275,0.0,484.0,1983-01-01,0.0,0.0
155,0.2681158,-0.21789347,0.06784318,0.008303641,1.725,-8.0,0.6572124,0.51919997,1.0,7.5016346,0.0,484.0,1984-01-01,0.0,0.0
156,0.051426522,0.2681158,-0.009548301,0.06784318,1.725,-8.0,0.6572124,0.51919997,1.0,7.5358305,0.0,484.0,1985-01-01,0.0,0.0
157,-0.16737422,0.051426522,-0.063403785,-0.009548301,1.725,-8.0,0.6572124,0.51919997,1.0,7.5694118,0.0,484.0,1986-01-01,0.0,0.0
158,0.033922285,-0.16737422,-0.056215342,-0.063403785,1.725,-8.0,0.6572124,0.51919997,1.0,7.6024013,0.0,484.0,1987-01-01,0.0,0.0
159,0.14314143,0.033922285,-0.018456439,-0.056215342,1.725,-8.0,0.6572124,0.51919997,1.0,7.6348205,0.0,484.0,1988-01-01,0.0,0.0
160,-0.07950391,0.14314143,-0.009829061,-0.018456439,1.725,-8.0,0.6572124,0.51919997,1.0,7.6666903,0.0,484.0,1989-01-01,0.0,0.0
161,-0.032010555,-0.07950391,-0.045748793,-0.009829061,1.725,-8.0,0.6572124,0.51919997,1.0,7.698483,0.0,484.0,1990-01-01,0.0,0.0
162,-0.17296594,-0.032010555,0.0877431,-0.045748793,1.725,-8.0,0.6572124,0.51919997,1.0,7.730175,0.0,484.0,1991-01-01,0.0,0.0
163,0.109475605,-0.17296594,-0.068607055,0.0877431,1.725,-1.0,0.6572124,0.51919997,1.0,7.762171,0.0,484.0,1992-01-01,0.0,0.0
164,0.0050351964,0.109475605,-0.037907597,-0.068607055,1.725,5.0,0.6572124,0.51919997,1.0,7.794823,0.0,484.0,1993-01-01,0.0,0.0
165,0.020621441,0.0050351964,-0.0815251,-0.037907597,1.725,5.0,0.6572124,0.51919997,1.0,7.791362,0.0,484.0,1994-01-01,0.0,0.0
166,0.042304363,0.020621441,0.011064418,-0.0815251,1.725,5.0,0.6572124,0.51919997,1.0,7.819817,0.0,484.0,1995-01-01,0.0,0.0
167,-0.061309177,0.042304363,-0.06947203,0.011064418,1.725,5.0,0.6572124,0.51919997,1.0,7.848153,0.0,484.0,1996-01-01,0.0,0.0
168,-0.11705007,-0.061309177,-0.033129428,-0.06947203,1.725,5.0,0.6572124,0.51919997,1.0,7.8761525,0.0,484.0,1997-01-01,1.0,1.0
169,0.14693266,-0.11705007,0.009217792,-0.033129428,1.725,-6.0,0.6572124,0.51919997,1.0,7.903818,0.0,484.0,1998-01-01,1.0,1.0
170,0.0850465,0.14693266,-0.056046996,0.009217792,1.725,-6.0,0.6572124,0.51919997,1.0,7.931148,0.0,484.0,1999-01-01,1.0,1.0
171,0.50462586,-0.17451079,-0.1119792,-0.0013003733,1.538,-8.0,0.6933391,0.1128,0.0,5.7170277,1.5892352,522.0,1981-01-01,0.0,0.0
172,-0.14806753,0.50462586,-0.0014662568,-0.1119792,1.538,-8.0,0.6933391,0.1128,0.0,5.749393,1.5892352,522.0,1982-01-01,0.0,0.0
173,-0.05661193,-0.14806753,-0.15124814,-0.0014662568,1.538,-8.0,0.6933391,0.1128,0.0,5.7776523,1.5892352,522.0,1983-01-01,0.0,0.0
174,-0.31335592,-0.05661193,0.019896194,-0.15124814,1.538,-8.0,0.6933391,0.1128,0.0,5.9401712,1.5892352,522.0,1984-01-01,0.0,0.0
175,0.28427628,-0.31335592,-0.035623457,0.019896194,1.538,-8.0,0.6933391,0.1128,0.0,6.016157,1.5892352,522.0,1985-01-01,0.0,0.0
176,-0.07191328,0.28427628,-0.12840807,-0.035623457,1.538,-8.0,0.6933391,0.1128,0.0,6.063785,1.5892352,522.0,1986-01-01,0.0,0.0
177,-0.024041532,-0.07191328,0.21392529,-0.12840807,1.538,-8.0,0.6933391,0.1128,0.0,6.1312265,1.5892352,522.0,1987-01-01,0.0,0.0
178,0.20213866,-0.024041532,0.17373234,0.21392529,1.538,-8.0,0.6933391,0.1128,0.0,5.913503,1.5892352,522.0,1988-01-01,0.0,0.0
179,0.113034114,0.20213866,-0.021246439,0.17373234,1.538,-8.0,0.6933391,0.1128,0.0,6.0402546,1.5892352,522.0,1989-01-01,0.0,0.0
180,-0.33530697,0.113034114,-0.010853825,-0.021246439,1.538,-8.0,0.6933391,0.1128,0.0,6.063785,1.5892352,522.0,1990-01-01,0.0,0.0
181,-0.15573508,-0.33530697,-0.002194602,-0.010853825,1.538,-8.0,0.6933391,0.1128,0.0,6.086775,1.5892352,522.0,1991-01-01,1.0,0.0
182,0.23238021,-0.09161349,0.0,0.018987285,0.316,-7.0,0.69359326,0.6122,0.0,10.537867,4.2682977,530.0,1981-01-01,1.0,1.0
183,-0.03194038,0.23238021,0.0,0.0,0.316,-7.0,0.69359326,0.6122,0.0,10.564628,4.2682977,530.0,1982-01-01,1.0,1.0
184,-0.14937054,-0.03194038,0.031055871,0.0,0.316,-7.0,0.69359326,0.6122,0.0,10.591019,4.2682977,530.0,1983-01-01,1.0,1.0
185,-0.20308359,-0.14937054,-0.042168673,0.031055871,0.316,-7.0,0.69359326,0.6122,0.0,10.617883,4.2682977,530.0,1984-01-01,1.0,1.0
186,0.26747057,-0.20308359,-0.05974841,-0.042168673,0.316,-8.0,0.69359326,0.6122,0.0,10.646377,4.2682977,530.0,1985-01-01,1.0,1.0
187,-0.040835444,0.26747057,0.0434783,-0.05974841,0.316,-8.0,0.69359326,0.6122,0.0,10.677062,4.2682977,530.0,1986-01-01,1.0,1.0
188,0.08795949,-0.040835444,0.10554931,0.0434783,0.316,-8.0,0.69359326,0.6122,0.0,10.709271,4.2682977,530.0,1987-01-01,1.0,1.0
189,0.07556813,0.08795949,-0.028785588,0.10554931,0.316,-8.0,0.69359326,0.6122,0.0,10.761916,4.2682977,530.0,1988-01-01,1.0,1.0
190,0.006643544,0.07556813,-0.023085235,-0.028785588,0.316,-8.0,0.69359326,0.6122,0.0,10.791111,4.2682977,530.0,1989-01-01,1.0,1.0
191,-0.12210265,0.006643544,-0.01155519,-0.023085235,0.316,-8.0,0.69359326,0.6122,0.0,10.8231125,4.2682977,530.0,1990-01-01,1.0,1.0
192,-0.10277983,-0.12210265,-0.078245945,-0.01155519,0.316,-8.0,0.69359326,0.6122,0.0,10.853001,4.2682977,530.0,1991-01-01,1.0,1.0
193,0.09676052,-0.10277983,-0.08401284,-0.078245945,0.316,0.0,0.69359326,0.6122,0.0,10.885247,4.2682977,530.0,1992-01-01,0.0,0.0
194,0.22829407,0.09676052,0.16523172,-0.08401284,0.316,0.0,0.69359326,0.6122,0.0,10.917087,4.2682977,530.0,1993-01-01,0.0,0.0
195,-0.08137391,0.22829407,0.0051825116,0.16523172,0.316,0.0,0.69359326,0.6122,0.0,10.8836355,4.2682977,530.0,1994-01-01,0.0,0.0
196,-0.058809508,-0.08137391,0.0293524,0.0051825116,0.316,1.0,0.69359326,0.6122,0.0,10.913087,4.2682977,530.0,1995-01-01,0.0,0.0
197,0.36293957,-0.058809508,0.07506879,0.0293524,0.316,1.0,0.69359326,0.6122,0.0,10.942527,4.2682977,530.0,1996-01-01,1.0,0.0
198,-0.1456166,0.36293957,0.024374764,0.07506879,0.316,1.0,0.69359326,0.6122,0.0,10.972224,4.2682977,530.0,1997-01-01,1.0,0.0
199,-0.15515198,-0.1456166,-0.039038166,0.024374764,0.316,1.0,0.69359326,0.6122,0.0,10.997925,4.2682977,530.0,1998-01-01,1.0,0.0
200,0.031355564,-0.15515198,0.035909407,-0.039038166,0.316,1.0,0.69359326,0.6122,0.0,11.022981,4.2682977,530.0,1999-01-01,1.0,0.0
201,-0.034174405,0.25225517,-0.06107979,-0.009293696,4.842,-9.0,0.6881428,0.45499998,1.0,6.680855,0.06765865,481.0,1981-01-01,0.0,0.0
202,0.1152161,-0.034174405,-0.06172299,-0.06107979,4.842,-9.0,0.6881428,0.45499998,1.0,6.727432,0.06765865,481.0,1982-01-01,0.0,0.0
203,-0.24062192,0.1152161,0.017747346,-0.06172299,4.842,-9.0,0.6881428,0.45499998,1.0,6.774224,0.06765865,481.0,1983-01-01,0.0,0.0
204,0.3696651,-0.24062192,0.03650315,0.017747346,4.842,-9.0,0.6881428,0.45499998,1.0,6.8200164,0.06765865,481.0,1984-01-01,0.0,0.0
205,-0.017698199,0.3696651,-0.08658595,0.03650315,4.842,-9.0,0.6881428,0.45499998,1.0,6.8638034,0.06765865,481.0,1985-01-01,0.0,0.0
206,-0.074163556,-0.017698199,-0.010314297,-0.08658595,4.842,-9.0,0.6881428,0.45499998,1.0,6.904751,0.06765865,481.0,1986-01-01,0.0,0.0
207,-0.042209957,-0.074163556,-0.14838716,-0.010314297,4.842,-9.0,0.6881428,0.45499998,1.0,6.930495,0.06765865,481.0,1987-01-01,0.0,0.0
208,0.15233499,-0.042209957,-0.0434149,-0.14838716,4.842,-9.0,0.6881428,0.45499998,1.0,6.9565454,0.06765865,481.0,1988-01-01,0.0,0.0
209,-0.09106271,0.15233499,0.16752969,-0.0434149,4.842,-9.0,0.6881428,0.45499998,1.0,6.9819345,0.06765865,481.0,1989-01-01,0.0,0.0
210,-0.07525507,-0.09106271,0.03261153,0.16752969,4.842,-9.0,0.6881428,0.45499998,1.0,7.007601,0.06765865,481.0,1990-01-01,0.0,0.0
211,-0.13440384,-0.07525507,-0.06619501,0.03261153,4.842,-6.0,0.6881428,0.45499998,1.0,7.035269,0.06765865,481.0,1991-01-01,0.0,0.0
212,0.10287934,-0.13440384,-0.020021677,-0.06619501,4.842,-4.0,0.6881428,0.45499998,1.0,7.0630484,0.06765865,481.0,1992-01-01,0.0,0.0
213,0.04220813,0.10287934,-0.0016695225,-0.020021677,4.842,-4.0,0.6881428,0.45499998,1.0,7.09091,0.06765865,481.0,1993-01-01,0.0,0.0
214,-0.013287161,0.04220813,0.009318237,-0.0016695225,4.842,-4.0,0.6881428,0.45499998,1.0,6.951772,0.06765865,481.0,1994-01-01,0.0,0.0
215,0.011757596,-0.013287161,0.043214574,0.009318237,4.842,-4.0,0.6881428,0.45499998,1.0,6.976348,0.06765865,481.0,1995-01-01,0.0,0.0
216,-0.0032506788,0.011757596,0.026294038,0.043214574,4.842,-4.0,0.6881428,0.45499998,1.0,7.0012455,0.06765865,481.0,1996-01-01,0.0,0.0
217,-0.11912937,-0.0032506788,0.03230889,0.026294038,4.842,-4.0,0.6881428,0.45499998,1.0,7.0255384,0.06765865,481.0,1997-01-01,0.0,0.0
218,0.15647589,-0.11912937,-0.003198497,0.03230889,4.842,-4.0,0.6881428,0.45499998,1.0,7.049836,0.06765865,481.0,1998-01-01,0.0,0.0
219,0.12334182,0.15647589,-0.08372228,-0.003198497,4.842,-4.0,0.6881428,0.45499998,1.0,7.0738373,0.06765865,481.0,1999-01-01,0.0,0.0
220,0.2601933,-0.19194487,-0.12586033,-0.013579106,1.031,8.0,0.7278148,0.18180001,0.0,6.452049,0.0,420.0,1981-01-01,1.0,0.0
221,-0.11188112,0.2601933,-0.019122632,-0.12586033,1.031,7.0,0.7278148,0.18180001,0.0,6.4861608,0.0,420.0,1982-01-01,0.0,0.0
222,-0.22891897,-0.11188112,-0.1731651,-0.019122632,1.031,7.0,0.7278148,0.18180001,0.0,6.5191474,0.0,420.0,1983-01-01,0.0,0.0
223,0.154777,-0.22891897,0.11095698,-0.1731651,1.031,7.0,0.7278148,0.18180001,0.0,6.552508,0.0,420.0,1984-01-01,0.0,0.0
224,0.10649745,0.154777,-0.03995007,0.11095698,1.031,7.0,0.7278148,0.18180001,0.0,6.584791,0.0,420.0,1985-01-01,0.0,0.0
225,0.25649866,0.10649745,0.09622887,-0.03995007,1.031,7.0,0.7278148,0.18180001,0.0,6.617403,0.0,420.0,1986-01-01,0.0,0.0
226,0.01941438,0.25649866,0.011862385,0.09622887,1.031,7.0,0.7278148,0.18180001,0.0,6.6489844,0.0,420.0,1987-01-01,0.0,0.0
227,0.1483352,0.01941438,-0.057444274,0.011862385,1.031,7.0,0.7278148,0.18180001,0.0,6.680855,0.0,420.0,1988-01-01,0.0,0.0
228,-0.08798131,0.1483352,0.0049751345,-0.057444274,1.031,7.0,0.7278148,0.18180001,0.0,6.7129564,0.0,420.0,1989-01-01,0.0,0.0
229,-0.23776111,-0.08798131,-0.011138618,0.0049751345,1.031,7.0,0.7278148,0.18180001,0.0,6.744059,0.0,420.0,1990-01-01,0.0,0.0
230,0.022939002,-0.23776111,-0.013032082,-0.011138618,1.031,8.0,0.7278148,0.18180001,0.0,6.774224,0.0,420.0,1991-01-01,0.0,0.0
231,0.05837412,0.022939002,-0.007978335,-0.013032082,1.031,8.0,0.7278148,0.18180001,0.0,6.784457,0.0,420.0,1992-01-01,0.0,0.0
232,0.072416544,0.05837412,-0.008393826,-0.007978335,1.031,8.0,0.7278148,0.18180001,0.0,6.790097,0.0,420.0,1993-01-01,0.0,0.0
233,0.17620254,0.072416544,-0.03212122,-0.008393826,1.031,8.0,0.7278148,0.18180001,0.0,6.9465337,0.0,420.0,1994-01-01,0.0,0.0
234,-0.18668692,0.17620254,-0.022602938,-0.03212122,1.031,-7.0,0.7278148,0.18180001,0.0,6.981275,0.0,420.0,1995-01-01,0.0,0.0
235,0.022060161,-0.18668692,-0.008846904,-0.022602938,1.031,-7.0,0.7278148,0.18180001,0.0,7.0130157,0.0,420.0,1996-01-01,0.0,0.0
236,-0.06792577,0.022060161,0.017218538,-0.008846904,1.031,-6.0,0.7278148,0.18180001,0.0,7.043928,0.0,420.0,1997-01-01,0.0,0.0
237,0.0021845181,-0.06792577,0.018114341,0.017218538,1.031,-5.0,0.7278148,0.18180001,0.0,7.074015,0.0,420.0,1998-01-01,0.0,0.0
238,0.21728992,0.0021845181,0.034760576,0.018114341,1.031,-5.0,0.7278148,0.18180001,0.0,7.1032724,0.0,420.0,1999-01-01,0.0,0.0
239,-0.06335231,-0.10158425,-0.04098363,0.028451012,0.949,6.0,0.7061233,0.70159996,0.0,9.281731,0.0,452.0,1981-01-01,1.0,0.0
240,-0.122751646,-0.06335231,-0.150641,-0.04098363,0.949,-1.0,0.7061233,0.70159996,0.0,9.308374,0.0,452.0,1982-01-01,0.0,0.0
241,-0.1427994,-0.122751646,-0.031446584,-0.150641,0.949,-7.0,0.7061233,0.70159996,0.0,9.338382,0.0,452.0,1983-01-01,1.0,0.0
242,0.39939544,-0.1427994,0.019480579,-0.031446584,0.949,-7.0,0.7061233,0.70159996,0.0,9.371353,0.0,452.0,1984-01-01,0.0,0.0
243,0.07719622,0.39939544,0.0089171585,0.019480579,0.949,-7.0,0.7061233,0.70159996,0.0,9.406565,0.0,452.0,1985-01-01,0.0,0.0
244,-0.11889943,0.07719622,0.018939376,0.0089171585,0.949,-7.0,0.7061233,0.70159996,0.0,9.443038,0.0,452.0,1986-01-01,0.0,0.0
245,0.17586488,-0.11889943,0.0012392153,0.018939376,0.949,-7.0,0.7061233,0.70159996,0.0,9.478304,0.0,452.0,1987-01-01,0.0,0.0
246,-0.1357959,0.17586488,0.0037128234,0.0012392153,0.949,-7.0,0.7061233,0.70159996,0.0,9.512369,0.0,452.0,1988-01-01,0.0,0.0
247,0.14511237,-0.1357959,0.0123304445,0.0037128234,0.949,-7.0,0.7061233,0.70159996,0.0,9.545169,0.0,452.0,1989-01-01,0.0,0.0
248,-0.18107352,0.14511237,0.09866021,0.0123304445,0.949,-7.0,0.7061233,0.70159996,0.0,9.576718,0.0,452.0,1990-01-01,0.0,0.0
249,0.2953261,-0.18107352,0.014412429,0.09866021,0.949,-7.0,0.7061233,0.70159996,0.0,9.607101,0.0,452.0,1991-01-01,0.0,0.0
250,-0.30015677,0.2953261,0.044808686,0.014412429,0.949,-4.0,0.7061233,0.70159996,0.0,9.637959,0.0,452.0,1992-01-01,0.0,0.0
251,0.09606183,-0.30015677,0.021042498,0.044808686,0.949,-1.0,0.7061233,0.70159996,0.0,9.667006,0.0,452.0,1993-01-01,0.0,0.0
252,-0.11449295,0.09606183,0.005860309,0.021042498,0.949,-1.0,0.7061233,0.70159996,0.0,9.692794,0.0,452.0,1994-01-01,0.0,0.0
253,0.16527142,-0.11449295,0.013188408,0.005860309,0.949,-1.0,0.7061233,0.70159996,0.0,9.719538,0.0,452.0,1995-01-01,0.0,0.0
254,-0.08037986,0.16527142,0.020081673,0.013188408,0.949,-1.0,0.7061233,0.70159996,0.0,9.745371,0.0,452.0,1996-01-01,0.0,0.0
255,0.04098796,-0.08037986,0.01701604,0.020081673,0.949,2.0,0.7061233,0.70159996,0.0,9.771281,0.0,452.0,1997-01-01,0.0,0.0
256,-0.19910958,0.04098796,0.022993533,0.01701604,0.949,2.0,0.7061233,0.70159996,0.0,9.797271,0.0,452.0,1998-01-01,0.0,0.0
257,0.4096406,-0.19910958,0.020339634,0.022993533,0.949,2.0,0.7061233,0.70159996,0.0,9.823338,0.0,452.0,1999-01-01,0.0,0.0
258,0.120950654,-0.06600469,-0.05752753,0.07499997,0.76,-9.0,0.7496075,0.2662,0.0,8.403129,1.4350846,438.0,1981-01-01,0.0,0.0
259,-0.122511655,0.120950654,0.015584447,-0.05752753,0.76,-9.0,0.7496075,0.2662,0.0,8.422223,1.4350846,438.0,1982-01-01,0.0,0.0
260,-0.2123888,-0.122511655,-0.04475707,0.015584447,0.76,-9.0,0.7496075,0.2662,0.0,8.443116,1.4350846,438.0,1983-01-01,0.0,0.0
261,0.026929125,-0.2123888,-0.064257,-0.04475707,0.76,-9.0,0.7496075,0.2662,0.0,8.46569,1.4350846,438.0,1984-01-01,0.0,0.0
262,0.07666808,0.026929125,0.018598013,-0.064257,0.76,-7.0,0.7496075,0.2662,0.0,8.489616,1.4350846,438.0,1985-01-01,0.0,0.0
263,0.17772707,0.07666808,0.029494336,0.018598013,0.76,-7.0,0.7496075,0.2662,0.0,8.51459,1.4350846,438.0,1986-01-01,0.0,0.0
264,-0.009513181,0.17772707,0.013642552,0.029494336,0.76,-7.0,0.7496075,0.2662,0.0,8.540519,1.4350846,438.0,1987-01-01,0.0,0.0
265,0.06621926,-0.009513181,0.04306865,0.013642552,0.76,-7.0,0.7496075,0.2662,0.0,8.567316,1.4350846,438.0,1988-01-01,0.0,0.0
266,0.041125398,0.06621926,0.0,0.04306865,0.76,-7.0,0.7496075,0.2662,0.0,8.594894,1.4350846,438.0,1989-01-01,0.0,0.0
267,-0.05193046,0.041125398,-0.010322525,0.0,0.76,-7.0,0.7496075,0.2662,0.0,8.622813,1.4350846,438.0,1990-01-01,0.0,0.0
268,0.07408914,-0.05193046,-0.0052151345,-0.010322525,0.76,-7.0,0.7496075,0.2662,0.0,8.651199,1.4350846,438.0,1991-01-01,0.0,0.0
269,-0.014634098,0.07408914,-0.03014417,-0.0052151345,0.76,-5.0,0.7496075,0.2662,0.0,8.679312,1.4350846,438.0,1992-01-01,0.0,0.0
270,-0.0728534,-0.014634098,0.01946301,-0.03014417,0.76,-5.0,0.7496075,0.2662,0.0,8.715552,1.4350846,438.0,1993-01-01,0.0,0.0
271,0.14537252,-0.0728534,0.014040135,0.01946301,0.76,-5.0,0.7496075,0.2662,0.0,8.742014,1.4350846,438.0,1994-01-01,0.0,0.0
272,-0.17379808,0.14537252,0.017258778,0.014040135,0.76,-5.0,0.7496075,0.2662,0.0,8.768043,1.4350846,438.0,1995-01-01,0.0,0.0
273,-0.057774805,-0.17379808,0.020660978,0.017258778,0.76,-1.0,0.7496075,0.2662,0.0,8.79346,1.4350846,438.0,1996-01-01,0.0,0.0
274,-0.062982254,-0.057774805,0.023210002,0.020660978,0.76,-1.0,0.7496075,0.2662,0.0,8.818177,1.4350846,438.0,1997-01-01,0.0,0.0
275,0.06479765,-0.062982254,0.021257352,0.023210002,0.76,-1.0,0.7496075,0.2662,0.0,8.842112,1.4350846,438.0,1998-01-01,1.0,1.0
276,-0.065915205,0.06479765,0.009895306,0.021257352,0.76,-1.0,0.7496075,0.2662,0.0,8.865477,1.4350846,438.0,1999-01-01,1.0,0.0
277,0.17064415,-0.04880325,0.21656057,-0.15287772,0.556,-7.0,0.80375695,0.54499996,0.0,6.695799,0.0,404.0,1981-01-01,0.0,0.0
278,0.023161817,0.17064415,0.10471205,0.21656057,0.556,-7.0,0.80375695,0.54499996,0.0,6.7141705,0.0,404.0,1982-01-01,0.0,0.0
279,-0.21503654,0.023161817,-0.042654045,0.10471205,0.556,-7.0,0.80375695,0.54499996,0.0,6.7322106,0.0,404.0,1983-01-01,0.0,0.0
280,0.09845956,-0.21503654,0.034653414,-0.042654045,0.556,-7.0,0.80375695,0.54499996,0.0,6.7499313,0.0,404.0,1984-01-01,0.0,0.0
281,0.018551834,0.09845956,0.03668262,0.034653414,0.556,-8.0,0.80375695,0.54499996,0.0,6.768493,0.0,404.0,1985-01-01,0.0,0.0
282,0.054580722,0.018551834,-0.03538462,0.03668262,0.556,-8.0,0.80375695,0.54499996,0.0,6.786717,0.0,404.0,1986-01-01,0.0,0.0
283,0.20524469,0.054580722,0.0,-0.03538462,0.556,-8.0,0.80375695,0.54499996,0.0,6.8057227,0.0,404.0,1987-01-01,0.0,0.0
284,0.096900314,0.20524469,0.043062218,0.0,0.556,-8.0,0.80375695,0.54499996,0.0,6.82546,0.0,404.0,1988-01-01,0.0,0.0
285,-0.010923753,0.096900314,0.06727833,0.043062218,0.556,-8.0,0.80375695,0.54499996,0.0,6.8448153,0.0,404.0,1989-01-01,0.0,0.0
286,-0.21970123,-0.010923753,-0.012893987,0.06727833,0.556,-8.0,0.80375695,0.54499996,0.0,6.865891,0.0,404.0,1990-01-01,0.0,0.0
287,0.17590198,-0.21970123,-0.13933238,-0.012893987,0.556,-6.0,0.80375695,0.54499996,0.0,6.8875527,0.0,404.0,1991-01-01,0.0,0.0
288,-0.076031744,0.17590198,0.06913998,-0.13933238,0.556,-6.0,0.80375695,0.54499996,0.0,6.908755,0.0,404.0,1992-01-01,0.0,0.0
289,0.2213844,-0.076031744,-0.0011880503,0.06913998,0.556,-6.0,0.80375695,0.54499996,0.0,6.929517,0.0,404.0,1993-01-01,0.0,0.0
290,-0.12570615,0.2213844,0.008535894,-0.0011880503,0.556,-6.0,0.80375695,0.54499996,0.0,6.9420505,0.0,404.0,1994-01-01,0.0,0.0
291,0.011130991,-0.12570615,0.019053213,0.008535894,0.556,5.0,0.80375695,0.54499996,0.0,6.9654393,0.0,404.0,1995-01-01,0.0,0.0
292,0.009940666,0.011130991,0.021861792,0.019053213,0.556,5.0,0.80375695,0.54499996,0.0,6.9902563,0.0,404.0,1996-01-01,0.0,0.0
293,-0.022376351,0.009940666,0.031022603,0.021861792,0.556,5.0,0.80375695,0.54499996,0.0,7.0138435,0.0,404.0,1997-01-01,0.0,0.0
294,-0.07072976,-0.022376351,-0.29643786,0.031022603,0.556,5.0,0.80375695,0.54499996,0.0,7.0362015,0.0,404.0,1998-01-01,1.0,1.0
295,0.2175905,-0.07072976,0.0566301,-0.29643786,0.556,0.0,0.80375695,0.54499996,0.0,7.057321,0.0,404.0,1999-01-01,1.0,0.0
296,-0.049165342,-0.08378946,0.0,-0.19658886,2.228,-9.0,0.85929346,0.5592,0.0,9.011157,0.33647224,437.0,1981-01-01,0.0,0.0
297,0.01387099,-0.049165342,-0.05195527,0.0,2.228,-9.0,0.85929346,0.5592,0.0,9.04629,0.33647224,437.0,1982-01-01,0.0,0.0
298,-0.24158297,0.01387099,-0.046552736,-0.05195527,2.228,-9.0,0.85929346,0.5592,0.0,9.07989,0.33647224,437.0,1983-01-01,0.0,0.0
299,0.36971775,-0.24158297,-0.048825707,-0.046552736,2.228,-9.0,0.85929346,0.5592,0.0,9.113389,0.33647224,437.0,1984-01-01,0.0,0.0
300,-0.0046061403,0.36971775,0.0038985852,-0.048825707,2.228,-9.0,0.85929346,0.5592,0.0,9.148358,0.33647224,437.0,1985-01-01,0.0,0.0
301,-0.06418446,-0.0046061403,0.008414247,0.0038985852,2.228,-9.0,0.85929346,0.5592,0.0,9.185535,0.33647224,437.0,1986-01-01,0.0,0.0
302,0.09673984,-0.06418446,-0.024390236,0.008414247,2.228,-9.0,0.85929346,0.5592,0.0,9.224342,0.33647224,437.0,1987-01-01,0.0,0.0
303,-0.10214645,0.09673984,-0.06644734,-0.024390236,2.228,-9.0,0.85929346,0.5592,0.0,9.2640705,0.33647224,437.0,1988-01-01,0.0,0.0
304,0.11669823,-0.10214645,-0.058491938,-0.06644734,2.228,-9.0,0.85929346,0.5592,0.0,9.304286,0.33647224,437.0,1989-01-01,0.0,0.0
305,-0.15187378,0.11669823,-0.0920658,-0.058491938,2.228,-9.0,0.85929346,0.5592,0.0,9.344696,0.33647224,437.0,1990-01-01,0.0,0.0
306,0.09762766,-0.15187378,-0.04534218,-0.0920658,2.228,-7.0,0.85929346,0.5592,0.0,9.384461,0.33647224,437.0,1991-01-01,0.0,0.0
307,-0.11669874,0.09762766,-0.04663214,-0.04534218,2.228,-7.0,0.85929346,0.5592,0.0,9.422221,0.33647224,437.0,1992-01-01,0.0,0.0
308,0.03706369,-0.11669874,-0.03373677,-0.04663214,2.228,-7.0,0.85929346,0.5592,0.0,9.463897,0.33647224,437.0,1993-01-01,0.0,0.0
309,0.040220205,0.03706369,-0.012325592,-0.03373677,2.228,-7.0,0.85929346,0.5592,0.0,9.452906,0.33647224,437.0,1994-01-01,0.0,0.0
310,0.03294967,0.040220205,0.037975624,-0.012325592,2.228,-6.0,0.85929346,0.5592,0.0,9.482825,0.33647224,437.0,1995-01-01,0.0,0.0
311,-0.10122623,0.03294967,0.03750298,0.037975624,2.228,-6.0,0.85929346,0.5592,0.0,9.512517,0.33647224,437.0,1996-01-01,0.0,0.0
312,-0.05397335,-0.10122623,0.035921488,0.03750298,2.228,-6.0,0.85929346,0.5592,0.0,9.538836,0.33647224,437.0,1997-01-01,0.0,0.0
313,0.007980389,-0.05397335,0.016277136,0.035921488,2.228,-6.0,0.85929346,0.5592,0.0,9.561783,0.33647224,437.0,1998-01-01,0.0,0.0
314,0.08135435,0.007980389,0.00085970346,0.016277136,2.228,-6.0,0.85929346,0.5592,0.0,9.581358,0.33647224,437.0,1999-01-01,0.0,0.0
315,0.29520345,-0.31851825,-0.045005497,-0.021482257,0.931,-6.0,0.8332538,0.7046,0.0,9.719084,3.3068867,501.0,1981-01-01,0.0,0.0
316,0.32208565,0.29520345,-0.011494242,-0.045005497,0.931,-6.0,0.8332538,0.7046,0.0,9.758693,3.3068867,501.0,1982-01-01,1.0,0.0
317,-0.37936902,0.32208565,-0.027906964,-0.011494242,0.931,-7.0,0.8332538,0.7046,0.0,9.798738,3.3068867,501.0,1983-01-01,0.0,0.0
318,0.00897001,-0.37936902,-0.0035885416,-0.027906964,0.931,-7.0,0.8332538,0.7046,0.0,9.838629,3.3068867,501.0,1984-01-01,0.0,0.0
319,0.16356128,0.00897001,-0.046818696,-0.0035885416,0.931,-7.0,0.8332538,0.7046,0.0,9.877657,3.3068867,501.0,1985-01-01,0.0,0.0
320,-0.09955348,0.16356128,0.07934504,-0.046818696,0.931,-7.0,0.8332538,0.7046,0.0,9.915465,3.3068867,501.0,1986-01-01,0.0,0.0
321,-0.15454184,-0.09955348,0.028004656,0.07934504,0.931,-7.0,0.8332538,0.7046,0.0,9.952278,3.3068867,501.0,1987-01-01,0.0,0.0
322,0.22639886,-0.15454184,0.023836581,0.028004656,0.931,-7.0,0.8332538,0.7046,0.0,9.988242,3.3068867,501.0,1988-01-01,0.0,0.0
323,0.028486421,0.22639886,0.01330373,0.023836581,0.931,-7.0,0.8332538,0.7046,0.0,10.02349,3.3068867,501.0,1989-01-01,0.0,0.0
324,-0.04180358,0.028486421,-0.0032822336,0.01330373,0.931,-7.0,0.8332538,0.7046,0.0,10.058181,3.3068867,501.0,1990-01-01,0.0,0.0
325,-0.22944231,-0.04180358,-0.0098792575,-0.0032822336,0.931,-7.0,0.8332538,0.7046,0.0,10.092454,3.3068867,501.0,1991-01-01,0.0,0.0
326,0.06673036,-0.22944231,0.01330373,-0.0098792575,0.931,-5.0,0.8332538,0.7046,0.0,10.126871,3.3068867,501.0,1992-01-01,0.0,0.0
327,-0.11274029,0.06673036,-0.02293892,0.01330373,0.931,-5.0,0.8332538,0.7046,0.0,10.153039,3.3068867,501.0,1993-01-01,0.0,0.0
328,0.23775357,-0.11274029,0.0011348244,-0.02293892,0.931,-5.0,0.8332538,0.7046,0.0,10.157495,3.3068867,501.0,1994-01-01,0.0,0.0
329,-0.087669656,0.23775357,0.020287449,0.0011348244,0.931,-5.0,0.8332538,0.7046,0.0,10.185156,3.3068867,501.0,1995-01-01,0.0,0.0
330,-0.13519923,-0.087669656,0.018231245,0.020287449,0.931,-5.0,0.8332538,0.7046,0.0,10.21156,3.3068867,501.0,1996-01-01,0.0,0.0
331,0.8901613,-0.13519923,-0.002014945,0.018231245,0.931,-5.0,0.8332538,0.7046,0.0,10.23703,3.3068867,501.0,1997-01-01,0.0,0.0
332,-0.26930737,0.8901613,-0.006018526,-0.002014945,0.931,-2.0,0.8332538,0.7046,0.0,10.261567,3.3068867,501.0,1998-01-01,0.0,0.0
333,-0.2720646,-0.26930737,-0.007978286,-0.006018526,0.931,-2.0,0.8332538,0.7046,0.0,10.285169,3.3068867,501.0,1999-01-01,0.0,0.0
334,0.32205835,-0.13730651,0.026156904,0.012219984,0.982,-7.0,0.2224825,0.32,0.0,7.1996784,4.4212475,570.0,1981-01-01,0.0,0.0
335,-0.26959646,0.32205835,0.008823591,0.026156904,0.982,-7.0,0.2224825,0.32,0.0,7.226936,4.4212475,570.0,1982-01-01,0.0,0.0
336,0.12200606,-0.26959646,-0.015549107,0.008823591,0.982,-7.0,0.2224825,0.32,0.0,7.2555914,4.4212475,570.0,1983-01-01,0.0,0.0
337,-0.06599726,0.12200606,0.007897351,-0.015549107,0.982,-7.0,0.2224825,0.32,0.0,7.284821,4.4212475,570.0,1984-01-01,0.0,0.0
338,0.12238378,-0.06599726,-0.04505387,0.007897351,0.982,-7.0,0.2224825,0.32,0.0,7.3138866,4.4212475,570.0,1985-01-01,0.0,0.0
339,0.079743624,0.12238378,-0.04820518,-0.04505387,0.982,-7.0,0.2224825,0.32,0.0,7.342779,4.4212475,570.0,1986-01-01,0.0,0.0
340,0.15181956,0.079743624,0.022629341,-0.04820518,0.982,-7.0,0.2224825,0.32,0.0,7.37086,4.4212475,570.0,1987-01-01,0.0,0.0
341,0.10989758,0.15181956,0.1159115,0.022629341,0.982,-7.0,0.2224825,0.32,0.0,7.398786,4.4212475,570.0,1988-01-01,0.0,0.0
342,-0.13707164,0.10989758,-0.028328585,0.1159115,0.982,-7.0,0.2224825,0.32,0.0,7.425954,4.4212475,570.0,1989-01-01,0.0,0.0
343,-0.23924625,-0.13707164,-0.055393625,-0.028328585,0.982,-7.0,0.2224825,0.32,0.0,7.4524026,4.4212475,570.0,1990-01-01,0.0,0.0
344,0.22270168,-0.23924625,0.016460877,-0.055393625,0.982,-7.0,0.2224825,0.32,0.0,7.4776044,4.4212475,570.0,1991-01-01,0.0,0.0
345,-0.29936892,0.22270168,-0.036437202,0.016460877,0.982,-7.0,0.2224825,0.32,0.0,7.502738,4.4212475,570.0,1992-01-01,0.0,0.0
346,0.44437036,-0.29936892,0.014782014,-0.036437202,0.982,-7.0,0.2224825,0.32,0.0,7.526179,4.4212475,570.0,1993-01-01,0.0,0.0
347,-0.16646695,0.44437036,0.011934627,0.014782014,0.982,8.0,0.2224825,0.32,0.0,7.519871,4.4212475,570.0,1994-01-01,0.0,0.0
348,0.23491938,-0.16646695,0.022635322,0.011934627,0.982,8.0,0.2224825,0.32,0.0,7.5417786,4.4212475,570.0,1995-01-01,0.0,0.0
349,0.20044604,0.23491938,0.07607472,0.022635322,0.982,8.0,0.2224825,0.32,0.0,7.5632005,4.4212475,570.0,1996-01-01,0.0,0.0
350,-0.1394046,0.20044604,0.05687934,0.07607472,0.982,8.0,0.2224825,0.32,0.0,7.5852203,4.4212475,570.0,1997-01-01,0.0,0.0
351,0.005001028,-0.1394046,-0.070821434,0.05687934,0.982,8.0,0.2224825,0.32,0.0,7.6078334,4.4212475,570.0,1998-01-01,1.0,0.0
352,-0.14582025,0.005001028,0.0024536117,-0.070821434,0.982,0.0,0.2224825,0.32,0.0,7.6310434,4.4212475,570.0,1999-01-01,0.0,0.0
353,0.050644252,-0.102514185,0.03775623,-0.08669951,1.015,-7.0,0.82991225,0.64,0.0,7.538495,0.47000363,450.0,1981-01-01,0.0,0.0
354,-0.045784205,0.050644252,-0.02702705,0.03775623,1.015,-7.0,0.82991225,0.64,0.0,7.5699277,0.47000363,450.0,1982-01-01,0.0,0.0
355,-0.23287398,-0.045784205,-0.016025625,-0.02702705,1.015,-7.0,0.82991225,0.64,0.0,7.6014023,0.47000363,450.0,1983-01-01,0.0,0.0
356,0.23614292,-0.23287398,-0.056460354,-0.016025625,1.015,-7.0,0.82991225,0.64,0.0,7.6333694,0.47000363,450.0,1984-01-01,0.0,0.0
357,-0.06540326,0.23614292,-0.018412005,-0.056460354,1.015,-6.0,0.82991225,0.64,0.0,7.664816,0.47000363,450.0,1985-01-01,0.0,0.0
358,0.075657055,-0.06540326,-0.07620164,-0.018412005,1.015,-6.0,0.82991225,0.64,0.0,7.695758,0.47000363,450.0,1986-01-01,0.0,0.0
359,0.042235214,0.075657055,0.096446745,-0.07620164,1.015,-6.0,0.82991225,0.64,0.0,7.7266536,0.47000363,450.0,1987-01-01,0.0,0.0
360,-0.001238811,0.042235214,0.008101816,0.096446745,1.015,-6.0,0.82991225,0.64,0.0,7.7319307,0.47000363,450.0,1988-01-01,0.0,0.0
361,0.08637913,-0.001238811,-0.030998863,0.008101816,1.015,-6.0,0.82991225,0.64,0.0,7.7579064,0.47000363,450.0,1989-01-01,1.0,0.0
362,-0.23038451,0.08637913,-0.049763028,-0.030998863,1.015,-6.0,0.82991225,0.64,0.0,7.783224,0.47000363,450.0,1990-01-01,1.0,1.0
363,-0.007798068,-0.23038451,-0.072319165,-0.049763028,1.015,0.0,0.82991225,0.64,0.0,7.8079166,0.47000363,450.0,1991-01-01,1.0,0.0
364,0.056894213,0.035231527,-0.13922766,-0.011055253,0.995,-6.0,0.062190413,0.5566,0.0,9.072686,3.5204608,580.0,1981-01-01,0.0,0.0
365,0.11514962,0.056894213,-0.030696603,-0.13922766,0.995,-6.0,0.062190413,0.5566,0.0,9.099521,3.5204608,580.0,1982-01-01,0.0,0.0
366,-0.13987966,0.11514962,-0.03166865,-0.030696603,0.995,-6.0,0.062190413,0.5566,0.0,9.125762,3.5204608,580.0,1983-01-01,0.0,0.0
367,0.08915483,-0.13987966,-0.036478043,-0.03166865,0.995,-6.0,0.062190413,0.5566,0.0,9.152182,3.5204608,580.0,1984-01-01,0.0,0.0
368,-0.16764963,0.08915483,0.0039164764,-0.036478043,0.995,-6.0,0.062190413,0.5566,0.0,9.179675,3.5204608,580.0,1985-01-01,0.0,0.0
369,0.13537495,-0.16764963,-0.050715182,0.0039164764,0.995,-6.0,0.062190413,0.5566,0.0,9.208839,3.5204608,580.0,1986-01-01,0.0,0.0
370,-0.14891253,0.13537495,-0.026027389,-0.050715182,0.995,-6.0,0.062190413,0.5566,0.0,9.239122,3.5204608,580.0,1987-01-01,0.0,0.0
371,0.0655529,-0.14891253,-0.036568243,-0.026027389,0.995,-6.0,0.062190413,0.5566,0.0,9.270212,3.5204608,580.0,1988-01-01,0.0,0.0
372,0.19090757,0.0655529,-0.007299263,-0.036568243,0.995,-6.0,0.062190413,0.5566,0.0,9.301734,3.5204608,580.0,1989-01-01,0.0,0.0
373,-0.282499,0.19090757,-0.007352934,-0.007299263,0.995,-6.0,0.062190413,0.5566,0.0,9.333531,3.5204608,580.0,1990-01-01,0.0,0.0
374,0.14244299,-0.282499,-0.054814816,-0.007352934,0.995,-6.0,0.062190413,0.5566,0.0,9.365034,3.5204608,580.0,1991-01-01,0.0,0.0
375,-0.06775913,0.14244299,-0.047021993,-0.054814816,0.995,2.0,0.062190413,0.5566,0.0,9.395325,3.5204608,580.0,1992-01-01,0.0,0.0
376,0.08351318,-0.06775913,-0.0072616693,-0.047021993,0.995,9.0,0.062190413,0.5566,0.0,9.422706,3.5204608,580.0,1993-01-01,0.0,0.0
377,0.063847855,0.08351318,-0.030022584,-0.0072616693,0.995,9.0,0.062190413,0.5566,0.0,9.437141,3.5204608,580.0,1994-01-01,0.0,0.0
378,0.024276165,0.063847855,-0.013015172,-0.030022584,0.995,9.0,0.062190413,0.5566,0.0,9.46616,3.5204608,580.0,1995-01-01,0.0,0.0
379,-0.06170333,0.024276165,-0.008964724,-0.013015172,0.995,9.0,0.062190413,0.5566,0.0,9.49552,3.5204608,580.0,1996-01-01,0.0,0.0
380,-0.022662938,-0.06170333,0.0050234334,-0.008964724,0.995,9.0,0.062190413,0.5566,0.0,9.526431,3.5204608,580.0,1997-01-01,0.0,0.0
381,0.023661802,-0.022662938,0.007552302,0.0050234334,0.995,8.0,0.062190413,0.5566,0.0,9.557343,3.5204608,580.0,1998-01-01,0.0,0.0
382,-0.1693747,0.023661802,0.015320449,0.007552302,0.995,7.0,0.062190413,0.5566,0.0,9.588255,3.5204608,580.0,1999-01-01,0.0,0.0
383,-0.2824872,0.0065924404,-0.075812265,0.0018084028,0.553,-9.0,0.62026966,0.615,0.0,8.722254,2.2823825,553.0,1981-01-01,0.0,0.0
384,0.3306995,-0.2824872,-0.033203162,-0.075812265,0.553,-9.0,0.62026966,0.615,0.0,8.75274,2.2823825,553.0,1982-01-01,0.0,0.0
385,-0.20658238,0.3306995,-0.016161649,-0.033203162,0.553,-9.0,0.62026966,0.615,0.0,8.783703,2.2823825,553.0,1983-01-01,0.0,0.0
386,0.20691967,-0.20658238,0.043121208,-0.016161649,0.553,-9.0,0.62026966,0.615,0.0,8.81537,2.2823825,553.0,1984-01-01,0.0,0.0
387,0.071882755,0.20691967,0.01968502,0.043121208,0.553,-9.0,0.62026966,0.615,0.0,8.847504,2.2823825,553.0,1985-01-01,0.0,0.0
388,-0.079155825,0.071882755,-0.030888094,0.01968502,0.553,-9.0,0.62026966,0.615,0.0,8.880168,2.2823825,553.0,1986-01-01,0.0,0.0
389,-0.29519862,-0.079155825,-0.017928235,-0.030888094,0.553,-9.0,0.62026966,0.615,0.0,8.913281,2.2823825,553.0,1987-01-01,0.0,0.0
390,0.28594166,-0.29519862,0.0,-0.017928235,0.553,-9.0,0.62026966,0.615,0.0,8.946635,2.2823825,553.0,1988-01-01,0.0,0.0
391,0.29138225,0.28594166,0.064908676,0.0,0.553,-9.0,0.62026966,0.615,0.0,8.980298,2.2823825,553.0,1989-01-01,0.0,0.0
392,-0.38797152,0.29138225,-0.011428539,0.064908676,0.553,-9.0,0.62026966,0.615,0.0,9.014325,2.2823825,553.0,1990-01-01,0.0,0.0
393,0.24760713,-0.38797152,0.0539499,-0.011428539,0.553,-9.0,0.62026966,0.615,0.0,9.048645,2.2823825,553.0,1991-01-01,0.0,0.0
394,-0.35326216,0.24760713,-0.09323583,0.0539499,0.553,-9.0,0.62026966,0.615,0.0,9.082052,2.2823825,553.0,1992-01-01,0.0,0.0
395,0.40248844,-0.35326216,0.067250624,-0.09323583,0.553,-9.0,0.62026966,0.615,0.0,9.111293,2.2823825,553.0,1993-01-01,0.0,0.0
396,-0.2093347,0.40248844,-0.12609075,0.067250624,0.553,-8.0,0.62026966,0.615,0.0,9.130902,2.2823825,553.0,1994-01-01,0.0,0.0
397,0.13767707,-0.2093347,0.13645928,-0.12609075,0.553,7.0,0.62026966,0.615,0.0,9.158321,2.2823825,553.0,1995-01-01,0.0,0.0
398,0.09638557,0.13767707,0.045503665,0.13645928,0.553,7.0,0.62026966,0.615,0.0,9.18574,2.2823825,553.0,1996-01-01,0.0,0.0
399,0.06256306,0.09638557,0.011442463,0.045503665,0.553,7.0,0.62026966,0.615,0.0,9.211939,2.2823825,553.0,1997-01-01,0.0,0.0
400,-0.27037805,0.06256306,-0.004429538,0.011442463,0.553,7.0,0.62026966,0.615,0.0,9.237576,2.2823825,553.0,1998-01-01,0.0,0.0
401,0.53369886,-0.27037805,0.01465121,-0.004429538,0.553,7.0,0.62026966,0.615,0.0,9.262319,2.2823825,553.0,1999-01-01,0.0,0.0
402,-0.05856149,0.026990484,-0.03759395,-0.034482747,0.551,-7.0,0.7783107,0.18180001,0.0,8.793308,0.33647224,432.0,1981-01-01,0.0,0.0
403,-0.17229155,-0.05856149,0.02343743,-0.03759395,0.551,-7.0,0.7783107,0.18180001,0.0,8.814776,0.33647224,432.0,1982-01-01,0.0,0.0
404,-0.083496526,-0.17229155,-0.040076274,0.02343743,0.551,-7.0,0.7783107,0.18180001,0.0,8.83681,0.33647224,432.0,1983-01-01,0.0,0.0
405,-0.00034777075,-0.083496526,0.0059641376,-0.040076274,0.551,-7.0,0.7783107,0.18180001,0.0,8.859506,0.33647224,432.0,1984-01-01,0.0,0.0
406,0.1977074,-0.00034777075,0.051383447,0.0059641376,0.551,-7.0,0.7783107,0.18180001,0.0,8.8832245,0.33647224,432.0,1985-01-01,0.0,0.0
407,0.050527457,0.1977074,0.0338346,0.051383447,0.551,-7.0,0.7783107,0.18180001,0.0,8.907747,0.33647224,432.0,1986-01-01,0.0,0.0
408,-0.15952517,0.050527457,-0.03636371,0.0338346,0.551,-7.0,0.7783107,0.18180001,0.0,8.933137,0.33647224,432.0,1987-01-01,0.0,0.0
409,0.34994924,-0.15952517,-0.026415093,-0.03636371,0.551,-7.0,0.7783107,0.18180001,0.0,8.9593115,0.33647224,432.0,1988-01-01,0.0,0.0
410,-0.08319269,0.34994924,0.077519424,-0.026415093,0.551,-7.0,0.7783107,0.18180001,0.0,8.986446,0.33647224,432.0,1989-01-01,0.0,0.0
411,-0.21237709,-0.08319269,-0.044963986,0.077519424,0.551,-7.0,0.7783107,0.18180001,0.0,9.014325,0.33647224,432.0,1990-01-01,1.0,0.0
412,0.22866869,-0.21237709,-0.06779663,-0.044963986,0.551,-7.0,0.7783107,0.18180001,0.0,9.043104,0.33647224,432.0,1991-01-01,0.0,0.0
413,0.016628984,0.22866869,0.054846387,-0.06779663,0.551,0.0,0.7783107,0.18180001,0.0,9.071882,0.33647224,432.0,1992-01-01,0.0,0.0
414,-0.084249854,0.016628984,-0.045951355,0.054846387,0.551,7.0,0.7783107,0.18180001,0.0,9.192177,0.33647224,432.0,1993-01-01,0.0,0.0
415,0.45978537,-0.084249854,-0.015520726,-0.045951355,0.551,7.0,0.7783107,0.18180001,0.0,9.126681,0.33647224,432.0,1994-01-01,1.0,0.0
416,-0.24741428,0.45978537,0.037682787,-0.015520726,0.551,7.0,0.7783107,0.18180001,0.0,9.153739,0.33647224,432.0,1995-01-01,0.0,0.0
417,-0.076522306,-0.24741428,0.008803183,0.037682787,0.551,7.0,0.7783107,0.18180001,0.0,9.180396,0.33647224,432.0,1996-01-01,0.0,0.0
418,-0.031416435,-0.076522306,0.043406732,0.008803183,0.551,7.0,0.7783107,0.18180001,0.0,9.209675,0.33647224,432.0,1997-01-01,0.0,0.0
419,0.23097242,-0.031416435,0.010248763,0.043406732,0.551,6.0,0.7783107,0.18180001,0.0,9.238953,0.33647224,432.0,1998-01-01,0.0,0.0
420,0.10116492,0.23097242,0.030628163,0.010248763,0.551,6.0,0.7783107,0.18180001,0.0,9.268231,0.33647224,432.0,1999-01-01,0.0,0.0
421,0.07934361,-0.07132702,0.0033898542,-0.04940924,0.931,-7.0,0.33541727,0.0,0.0,7.3466554,0.0,435.0,1981-01-01,0.0,0.0
422,-0.31561136,0.07934361,-0.003378402,0.0033898542,0.931,-7.0,0.33541727,0.0,0.0,7.3689704,0.0,435.0,1982-01-01,0.0,0.0
423,-0.08554252,-0.31561136,0.061016973,-0.003378402,0.931,-7.0,0.33541727,0.0,0.0,7.3901815,0.0,435.0,1983-01-01,0.0,0.0
424,0.117407896,-0.08554252,-0.09797658,0.061016973,0.931,-7.0,0.33541727,0.0,0.0,7.410952,0.0,435.0,1984-01-01,0.0,0.0
425,0.12214684,0.117407896,-0.027154665,-0.09797658,0.931,-7.0,0.33541727,0.0,0.0,7.4324837,0.0,435.0,1985-01-01,0.0,0.0
426,0.007459002,0.12214684,0.018203866,-0.027154665,0.931,-7.0,0.33541727,0.0,0.0,7.4552984,0.0,435.0,1986-01-01,0.0,0.0
427,-0.18843451,0.007459002,-0.03575682,0.018203866,0.931,-7.0,0.33541727,0.0,0.0,7.4792995,0.0,435.0,1987-01-01,0.0,0.0
428,0.35082895,-0.18843451,-0.025958007,-0.03575682,0.931,-7.0,0.33541727,0.0,0.0,7.5043917,0.0,435.0,1988-01-01,0.0,0.0
429,0.13816682,0.35082895,0.025380762,-0.025958007,0.931,-7.0,0.33541727,0.0,0.0,7.53048,0.0,435.0,1989-01-01,0.0,0.0
430,-0.45541632,0.13816682,-0.021039627,0.025380762,0.931,-7.0,0.33541727,0.0,0.0,7.5574727,0.0,435.0,1990-01-01,0.0,0.0
431,0.043565534,-0.45541632,0.013906419,-0.021039627,0.931,-7.0,0.33541727,0.0,0.0,7.585281,0.0,435.0,1991-01-01,0.0,0.0
432,-0.07810396,0.043565534,0.04364093,0.013906419,0.931,-6.0,0.33541727,0.0,0.0,7.613325,0.0,435.0,1992-01-01,0.0,0.0
433,0.42481363,-0.07810396,0.025841925,0.04364093,0.931,-6.0,0.33541727,0.0,0.0,7.6396422,0.0,435.0,1993-01-01,0.0,0.0
434,0.38386065,0.42481363,0.016870473,0.025841925,0.931,-6.0,0.33541727,0.0,0.0,7.6974344,0.0,435.0,1994-01-01,0.0,0.0
435,-0.06542489,0.38386065,0.01786719,0.016870473,0.931,-6.0,0.33541727,0.0,0.0,7.725312,0.0,435.0,1995-01-01,0.0,0.0
436,-0.28914794,-0.06542489,0.026182061,0.01786719,0.931,-6.0,0.33541727,0.0,0.0,7.7531943,0.0,435.0,1996-01-01,0.0,0.0
437,-0.008038012,-0.28914794,0.0039988705,0.026182061,0.931,-6.0,0.33541727,0.0,0.0,7.780867,0.0,435.0,1997-01-01,0.0,0.0
438,0.08996789,-0.008038012,0.008603696,0.0039988705,0.931,-6.0,0.33541727,0.0,0.0,7.808327,0.0,435.0,1998-01-01,0.0,0.0
439,0.3260817,0.08996789,0.012998328,0.008603696,0.931,-6.0,0.33541727,0.0,0.0,7.835583,0.0,435.0,1999-01-01,0.0,0.0
440,-0.025886074,0.107996285,0.017334813,-0.14378476,1.078,-8.0,0.65493006,0.62,0.0,9.401209,1.2237755,541.0,1981-01-01,1.0,1.0
441,-0.013338826,-0.025886074,-0.036208775,0.017334813,1.078,-8.0,0.65493006,0.62,0.0,9.4275465,1.2237755,541.0,1982-01-01,1.0,1.0
442,-0.12334538,-0.013338826,-0.043093897,-0.036208775,1.078,-8.0,0.65493006,0.62,0.0,9.453757,1.2237755,541.0,1983-01-01,1.0,1.0
443,0.23614576,-0.12334538,-0.019630508,-0.043093897,1.078,-8.0,0.65493006,0.62,0.0,9.479833,1.2237755,541.0,1984-01-01,1.0,1.0
444,0.06910617,0.23614576,-0.11778559,-0.019630508,1.078,-8.0,0.65493006,0.62,0.0,9.505842,1.2237755,541.0,1985-01-01,1.0,1.0
445,-0.07475964,0.06910617,0.02803734,-0.11778559,1.078,-8.0,0.65493006,0.62,0.0,9.531772,1.2237755,541.0,1986-01-01,1.0,1.0
446,-0.30437788,-0.07475964,-0.033766188,0.02803734,1.078,-7.0,0.65493006,0.62,0.0,9.557682,1.2237755,541.0,1987-01-01,1.0,1.0
447,0.40436396,-0.30437788,0.02150534,-0.033766188,1.078,-7.0,0.65493006,0.62,0.0,9.583627,1.2237755,541.0,1988-01-01,1.0,1.0
448,0.08277997,0.40436396,0.0407895,0.02150534,1.078,-7.0,0.65493006,0.62,0.0,9.609586,1.2237755,541.0,1989-01-01,1.0,1.0
449,-0.27368027,0.08277997,-0.039190922,0.0407895,1.078,-7.0,0.65493006,0.62,0.0,9.6356735,1.2237755,541.0,1990-01-01,1.0,1.0
450,0.06513863,-0.27368027,-0.022368448,-0.039190922,1.078,-7.0,0.65493006,0.62,0.0,9.661861,1.2237755,541.0,1991-01-01,1.0,1.0
451,-0.27034876,0.06513863,-0.04306857,-0.022368448,1.078,-6.0,0.65493006,0.62,0.0,9.688313,1.2237755,541.0,1992-01-01,1.0,1.0
452,0.31976616,-0.27034876,0.06418045,-0.04306857,1.078,-6.0,0.65493006,0.62,0.0,9.711782,1.2237755,541.0,1993-01-01,0.0,0.0
453,-0.19726664,0.31976616,0.045560308,0.06418045,1.078,-6.0,0.65493006,0.62,0.0,9.616138,1.2237755,541.0,1994-01-01,0.0,0.0
454,0.14451797,-0.19726664,0.017256938,0.045560308,1.078,6.0,0.65493006,0.62,0.0,9.64342,1.2237755,541.0,1995-01-01,0.0,0.0
455,0.22421631,0.14451797,0.04349103,0.017256938,1.078,6.0,0.65493006,0.62,0.0,9.66903,1.2237755,541.0,1996-01-01,0.0,0.0
456,0.085884646,0.22421631,0.083947256,0.04349103,1.078,6.0,0.65493006,0.62,0.0,9.694616,1.2237755,541.0,1997-01-01,0.0,0.0
457,-0.23709543,0.085884646,0.096403934,0.083947256,1.078,6.0,0.65493006,0.62,0.0,9.718964,1.2237755,541.0,1998-01-01,0.0,0.0
458,0.3337243,-0.23709543,0.052097622,0.096403934,1.078,6.0,0.65493006,0.62,0.0,9.737846,1.2237755,541.0,1999-01-01,0.0,0.0
459,0.10780269,0.101324685,-0.022424713,0.0,2.854,6.0,0.67654896,0.255,0.0,7.2717037,2.4765384,565.0,1991-01-01,0.0,0.0
460,-0.5471783,0.10780269,-0.005734779,-0.022424713,2.854,6.0,0.67654896,0.255,0.0,7.301148,2.4765384,565.0,1992-01-01,0.0,0.0
461,1.6769756,-0.5471783,-0.043025702,-0.005734779,2.854,6.0,0.67654896,0.255,0.0,7.329094,2.4765384,565.0,1993-01-01,0.0,0.0
462,-0.2810862,1.6769756,0.035507396,-0.043025702,2.854,6.0,0.67654896,0.255,0.0,7.2885723,2.4765384,565.0,1994-01-01,0.0,0.0
463,-0.25437263,-0.2810862,0.010196752,0.035507396,2.854,6.0,0.67654896,0.255,0.0,7.315119,2.4765384,565.0,1995-01-01,0.0,0.0
464,0.14142832,-0.25437263,-0.0043648547,0.010196752,2.854,6.0,0.67654896,0.255,0.0,7.341484,2.4765384,565.0,1996-01-01,0.0,0.0
465,0.57530856,0.14142832,0.0011853671,-0.0043648547,2.854,6.0,0.67654896,0.255,0.0,7.367033,2.4765384,565.0,1997-01-01,0.0,0.0
466,-0.51583296,0.57530856,-0.00038622433,0.0011853671,2.854,6.0,0.67654896,0.255,0.0,7.3917665,2.4765384,565.0,1998-01-01,1.0,1.0
467,0.52898127,-0.51583296,0.007374777,-0.00038622433,2.854,6.0,0.67654896,0.255,0.0,7.415681,2.4765384,565.0,1999-01-01,1.0,1.0
468,-0.24711084,0.08002728,-0.012552306,0.01558079,0.706,-7.0,0.73258805,0.32,0.0,8.615227,1.1314021,436.0,1981-01-01,0.0,0.0
469,-0.017493846,-0.24711084,0.008474551,-0.012552306,0.706,-7.0,0.73258805,0.32,0.0,8.649974,1.1314021,436.0,1982-01-01,0.0,0.0
470,-0.15853347,-0.017493846,-0.054621816,0.008474551,0.706,-7.0,0.73258805,0.32,0.0,8.685585,1.1314021,436.0,1983-01-01,0.0,0.0
471,-0.122386746,-0.15853347,-0.14962964,-0.054621816,0.706,-7.0,0.73258805,0.32,0.0,8.721276,1.1314021,436.0,1984-01-01,0.0,0.0
472,0.2841104,-0.122386746,-0.026132379,-0.14962964,0.706,-7.0,0.73258805,0.32,0.0,8.755895,1.1314021,436.0,1985-01-01,0.0,0.0
473,-0.11188191,0.2841104,0.019677956,-0.026132379,0.706,-7.0,0.73258805,0.32,0.0,8.789203,1.1314021,436.0,1986-01-01,0.0,0.0
474,-0.3299133,-0.11188191,-0.04736844,0.019677956,0.706,-7.0,0.73258805,0.32,0.0,8.821437,1.1314021,436.0,1987-01-01,0.0,0.0
475,0.6845857,-0.3299133,-0.011049692,-0.04736844,0.706,-7.0,0.73258805,0.32,0.0,8.852808,1.1314021,436.0,1988-01-01,0.0,0.0
476,-0.13312876,0.6845857,-0.059590325,-0.011049692,0.706,-7.0,0.73258805,0.32,0.0,8.884056,1.1314021,436.0,1989-01-01,0.0,0.0
477,-0.3420043,-0.13312876,-0.043196253,-0.059590325,0.706,-7.0,0.73258805,0.32,0.0,8.914088,1.1314021,436.0,1990-01-01,1.0,0.0
478,0.5492856,-0.3420043,-0.0069348705,-0.043196253,0.706,-7.0,0.73258805,0.32,0.0,8.952993,1.1314021,436.0,1991-01-01,1.0,0.0
479,-0.047560338,0.5492856,-0.09656511,-0.0069348705,0.706,1.0,0.73258805,0.32,0.0,8.985195,1.1314021,436.0,1992-01-01,1.0,0.0
480,-0.119473755,-0.047560338,-0.020428188,-0.09656511,0.706,8.0,0.73258805,0.32,0.0,9.017968,1.1314021,436.0,1993-01-01,0.0,0.0
481,0.8739828,-0.119473755,0.0051095905,-0.020428188,0.706,8.0,0.73258805,0.32,0.0,9.053201,1.1314021,436.0,1994-01-01,1.0,0.0
482,-0.3470387,0.8739828,-0.00813729,0.0051095905,0.706,8.0,0.73258805,0.32,0.0,9.087366,1.1314021,436.0,1995-01-01,0.0,0.0
483,-0.06511073,-0.3470387,-0.0018369196,-0.00813729,0.706,8.0,0.73258805,0.32,0.0,9.12151,1.1314021,436.0,1996-01-01,1.0,0.0
484,-0.044658102,-0.06511073,-0.0068646795,-0.0018369196,0.706,-6.0,0.73258805,0.32,0.0,9.1557045,1.1314021,436.0,1997-01-01,1.0,0.0
485,0.38467667,-0.044658102,0.06711987,-0.0068646795,0.706,-6.0,0.73258805,0.32,0.0,9.190014,1.1314021,436.0,1998-01-01,0.0,0.0
486,0.011242187,0.38467667,-0.03839623,0.06711987,0.706,-6.0,0.73258805,0.32,0.0,9.2242365,1.1314021,436.0,1999-01-01,0.0,0.0
487,-0.12498096,-0.01940057,0.053546607,0.032304347,1.393,7.0,0.8689318,0.58000004,1.0,11.172518,1.2237755,475.0,1981-01-01,0.0,0.0
488,0.025526928,-0.12498096,-0.06336631,0.053546607,1.393,7.0,0.8689318,0.58000004,1.0,11.203802,1.2237755,475.0,1982-01-01,0.0,0.0
489,-0.15345679,0.025526928,-0.11275552,-0.06336631,1.393,7.0,0.8689318,0.58000004,1.0,11.235511,1.2237755,475.0,1983-01-01,0.0,0.0
490,0.07261936,-0.15345679,-0.1517077,-0.11275552,1.393,7.0,0.8689318,0.58000004,1.0,11.267242,1.2237755,475.0,1984-01-01,0.0,0.0
491,0.09046207,0.07261936,-0.0056179054,-0.1517077,1.393,-7.0,0.8689318,0.58000004,1.0,11.298481,1.2237755,475.0,1985-01-01,0.0,0.0
492,-0.010736308,0.09046207,-0.08380418,-0.0056179054,1.393,-7.0,0.8689318,0.58000004,1.0,11.328955,1.2237755,475.0,1986-01-01,0.0,0.0
493,-0.07141906,-0.010736308,-0.073997915,-0.08380418,1.393,-7.0,0.8689318,0.58000004,1.0,11.358818,1.2237755,475.0,1987-01-01,0.0,0.0
494,0.20738259,-0.07141906,0.04328521,-0.073997915,1.393,-7.0,0.8689318,0.58000004,1.0,11.388189,1.2237755,475.0,1988-01-01,0.0,0.0
495,0.008468252,0.20738259,0.012765983,0.04328521,1.393,-7.0,0.8689318,0.58000004,1.0,11.417141,1.2237755,475.0,1989-01-01,0.0,0.0
496,-0.03551549,0.008468252,0.04516805,0.012765983,1.393,-5.0,0.8689318,0.58000004,1.0,11.44577,1.2237755,475.0,1990-01-01,0.0,0.0
497,0.047826916,-0.03551549,0.045226086,0.04516805,1.393,-5.0,0.8689318,0.58000004,1.0,11.4742155,1.2237755,475.0,1991-01-01,0.0,0.0
498,-0.034075264,0.047826916,-0.059615366,0.045226086,1.393,-5.0,0.8689318,0.58000004,1.0,11.502704,1.2237755,475.0,1992-01-01,0.0,0.0
499,-0.004354364,-0.034075264,-0.00731644,-0.059615366,1.393,-5.0,0.8689318,0.58000004,1.0,11.532728,1.2237755,475.0,1993-01-01,0.0,0.0
500,0.10494832,-0.004354364,-0.028076611,-0.00731644,1.393,-7.0,0.8689318,0.58000004,1.0,11.560695,1.2237755,475.0,1994-01-01,0.0,0.0
501,0.0080578495,0.10494832,-0.0052834717,-0.028076611,1.393,-7.0,0.8689318,0.58000004,1.0,11.590019,1.2237755,475.0,1995-01-01,0.0,0.0
502,-0.051510893,0.0080578495,0.013630548,-0.0052834717,1.393,-6.0,0.8689318,0.58000004,1.0,11.619742,1.2237755,475.0,1996-01-01,0.0,0.0
503,0.01720048,-0.051510893,-0.0010085206,0.013630548,1.393,-6.0,0.8689318,0.58000004,1.0,11.648925,1.2237755,475.0,1997-01-01,0.0,0.0
504,-0.08033117,0.01720048,-0.0083864555,-0.0010085206,1.393,-6.0,0.8689318,0.58000004,1.0,11.6775675,1.2237755,475.0,1998-01-01,0.0,0.0
505,0.12464888,-0.08033117,-0.0150764985,-0.0083864555,1.393,-1.0,0.8689318,0.58000004,1.0,11.705669,1.2237755,475.0,1999-01-01,0.0,0.0
506,0.037219923,-0.0944925,0.11756933,0.05874134,0.715,-7.0,0.12921083,0.5068,0.0,8.5492735,4.309456,517.0,1981-01-01,0.0,0.0
507,0.28242844,0.037219923,-0.029550869,0.11756933,0.715,-7.0,0.12921083,0.5068,0.0,8.578853,4.309456,517.0,1982-01-01,0.0,0.0
508,-0.23061231,0.28242844,0.015834363,-0.029550869,0.715,-7.0,0.12921083,0.5068,0.0,8.607217,4.309456,517.0,1983-01-01,0.0,0.0
509,0.023100452,-0.23061231,-0.07793765,0.015834363,0.715,-7.0,0.12921083,0.5068,0.0,8.635154,4.309456,517.0,1984-01-01,0.0,0.0
510,0.17377639,0.023100452,0.009102768,-0.07793765,0.715,-7.0,0.12921083,0.5068,0.0,8.663542,4.309456,517.0,1985-01-01,0.0,0.0
511,-0.16884442,0.17377639,-0.0012887199,0.009102768,0.715,-7.0,0.12921083,0.5068,0.0,8.692825,4.309456,517.0,1986-01-01,0.0,0.0
512,0.12567365,-0.16884442,-0.0064516068,-0.0012887199,0.715,-7.0,0.12921083,0.5068,0.0,8.722417,4.309456,517.0,1987-01-01,0.0,0.0
513,0.19645849,0.12567365,-0.022077871,-0.0064516068,0.715,-7.0,0.12921083,0.5068,0.0,8.752108,4.309456,517.0,1988-01-01,0.0,0.0
514,-0.11572697,0.19645849,-0.03054449,-0.022077871,0.715,-7.0,0.12921083,0.5068,0.0,8.782016,4.309456,517.0,1989-01-01,0.0,0.0
515,-0.040788524,-0.11572697,0.035616387,-0.03054449,0.715,-7.0,0.12921083,0.5068,0.0,8.812099,4.309456,517.0,1990-01-01,1.0,0.0
516,-0.12671177,-0.040788524,0.0,0.035616387,0.715,-7.0,0.12921083,0.5068,0.0,8.842316,4.309456,517.0,1991-01-01,1.0,1.0
517,-0.07935502,-0.12671177,0.007936563,0.0,0.715,-7.0,0.12921083,0.5068,0.0,8.871365,4.309456,517.0,1992-01-01,1.0,1.0
518,-0.03752463,-0.07935502,-0.10577274,0.007936563,0.715,-7.0,0.12921083,0.5068,0.0,8.898366,4.309456,517.0,1993-01-01,1.0,0.0
519,0.09223909,-0.03752463,-0.3969291,-0.10577274,0.715,-6.0,0.12921083,0.5068,0.0,8.927978,4.309456,517.0,1994-01-01,1.0,0.0
520,0.020648587,0.09223909,0.30731735,-0.3969291,0.715,-6.0,0.12921083,0.5068,0.0,8.737132,4.309456,517.0,1995-01-01,0.0,0.0
521,0.015454801,0.020648587,0.10234029,0.30731735,0.715,-6.0,0.12921083,0.5068,0.0,8.764053,4.309456,517.0,1996-01-01,1.0,0.0
522,-0.023753537,0.015454801,-0.038970463,0.10234029,0.715,-6.0,0.12921083,0.5068,0.0,8.813885,4.309456,517.0,1997-01-01,1.0,1.0
523,-0.089965746,-0.023753537,0.06652077,-0.038970463,0.715,-6.0,0.12921083,0.5068,0.0,8.974008,4.309456,517.0,1998-01-01,1.0,1.0
524,0.062673956,-0.089965746,0.03457109,0.06652077,0.715,-6.0,0.12921083,0.5068,0.0,9.0002365,4.309456,517.0,1999-01-01,1.0,1.0
525,0.21750768,-0.16951281,0.004409272,-0.034071617,1.174,-2.0,0.72277224,0.14960003,1.0,8.619389,0.0,433.0,1981-01-01,0.0,0.0
526,-0.08771569,0.21750768,0.05618954,0.004409272,1.174,-1.0,0.72277224,0.14960003,0.0,8.647344,0.0,433.0,1982-01-01,0.0,0.0
527,-0.25145254,-0.08771569,-0.012468817,0.05618954,1.174,-1.0,0.72277224,0.14960003,0.0,8.675052,0.0,433.0,1983-01-01,0.0,0.0
528,0.1642612,-0.25145254,-0.051346794,-0.012468817,1.174,-1.0,0.72277224,0.14960003,0.0,8.702677,0.0,433.0,1984-01-01,0.0,0.0
529,0.130791,0.1642612,0.031943224,-0.051346794,1.174,-1.0,0.72277224,0.14960003,0.0,8.731013,0.0,433.0,1985-01-01,0.0,0.0
530,0.18587235,0.130791,-0.006878776,0.031943224,1.174,-1.0,0.72277224,0.14960003,0.0,8.760139,0.0,433.0,1986-01-01,0.0,0.0
531,0.021486925,0.18587235,0.013852842,-0.006878776,1.174,-1.0,0.72277224,0.14960003,0.0,8.789508,0.0,433.0,1987-01-01,0.0,0.0
532,0.1625604,0.021486925,0.00085401087,0.013852842,1.174,-1.0,0.72277224,0.14960003,0.0,8.819074,0.0,433.0,1988-01-01,0.0,0.0
533,-0.057572145,0.1625604,-0.028156988,0.00085401087,1.174,-1.0,0.72277224,0.14960003,0.0,8.849084,0.0,433.0,1989-01-01,0.0,0.0
534,-0.2896071,-0.057572145,0.005267711,-0.028156988,1.174,-1.0,0.72277224,0.14960003,0.0,8.8793335,0.0,433.0,1990-01-01,1.0,0.0
535,0.031141154,-0.2896071,-0.02183404,0.005267711,1.174,-1.0,0.72277224,0.14960003,0.0,8.909776,0.0,433.0,1991-01-01,0.0,0.0
536,0.04052354,0.031141154,-0.00330082,-0.02183404,1.174,-1.0,0.72277224,0.14960003,0.0,8.939188,0.0,433.0,1992-01-01,1.0,0.0
537,0.109393574,0.04052354,-0.047250565,-0.00330082,1.174,-1.0,0.72277224,0.14960003,0.0,8.954157,0.0,433.0,1993-01-01,1.0,0.0
538,0.13983734,0.109393574,0.002575504,-0.047250565,1.174,-1.0,0.72277224,0.14960003,0.0,8.974783,0.0,433.0,1994-01-01,0.0,0.0
539,-0.13332139,0.13983734,0.024368348,0.002575504,1.174,-1.0,0.72277224,0.14960003,0.0,9.001138,0.0,433.0,1995-01-01,1.0,0.0
540,-0.010845765,-0.13332139,0.023089267,0.024368348,1.174,-1.0,0.72277224,0.14960003,0.0,9.027618,0.0,433.0,1996-01-01,0.0,0.0
541,-0.08991384,-0.010845765,0.021723306,0.023089267,1.174,-1.0,0.72277224,0.14960003,0.0,9.054342,0.0,433.0,1997-01-01,1.0,0.0
542,0.03448987,-0.08991384,0.028686706,0.021723306,1.174,-1.0,0.72277224,0.14960003,0.0,9.081413,0.0,433.0,1998-01-01,1.0,1.0
543,0.21895109,0.03448987,0.022968197,0.028686706,1.174,-1.0,0.72277224,0.14960003,0.0,9.10858,0.0,433.0,1999-01-01,1.0,0.0
544,0.14398554,-0.12036248,-0.0368745,-0.04285714,1.19,-7.0,0.7688465,0.53999996,0.0,8.090403,0.9932518,451.0,1981-01-01,0.0,0.0
545,-0.08794342,0.14398554,-0.020966273,-0.0368745,1.19,-7.0,0.7688465,0.53999996,0.0,8.112528,0.9932518,451.0,1982-01-01,0.0,0.0
546,-0.17378065,-0.08794342,0.054934837,-0.020966273,1.19,-7.0,0.7688465,0.53999996,0.0,8.134761,0.9932518,451.0,1983-01-01,0.0,0.0
547,-0.005722654,-0.17378065,-0.14827894,0.054934837,1.19,-7.0,0.7688465,0.53999996,0.0,8.1570835,0.9932518,451.0,1984-01-01,0.0,0.0
548,0.0493252,-0.005722654,-0.06217617,-0.14827894,1.19,-7.0,0.7688465,0.53999996,0.0,8.18004,0.9932518,451.0,1985-01-01,0.0,0.0
549,0.19330704,0.0493252,-0.026519326,-0.06217617,1.19,-7.0,0.7688465,0.53999996,0.0,8.203578,0.9932518,451.0,1986-01-01,0.0,0.0
550,0.014817142,0.19330704,-0.014755973,-0.026519326,1.19,-7.0,0.7688465,0.53999996,0.0,8.227643,0.9932518,451.0,1987-01-01,0.0,0.0
551,-0.07381907,0.014817142,0.024193581,-0.014755973,1.19,-7.0,0.7688465,0.53999996,0.0,8.2519245,0.9932518,451.0,1988-01-01,0.0,0.0
552,0.07910166,-0.07381907,0.03487066,0.024193581,1.19,-7.0,0.7688465,0.53999996,0.0,8.276903,0.9932518,451.0,1989-01-01,0.0,0.0
553,-0.095494665,0.07910166,-0.020652167,0.03487066,1.19,-7.0,0.7688465,0.53999996,0.0,8.302018,0.9932518,451.0,1990-01-01,0.0,0.0
554,0.05843693,-0.095494665,0.027746921,-0.020652167,1.19,-7.0,0.7688465,0.53999996,0.0,8.327484,0.9932518,451.0,1991-01-01,1.0,0.0
555,0.052196126,0.05843693,-0.20734338,0.027746921,1.19,-6.0,0.7688465,0.53999996,0.0,8.353025,0.9932518,451.0,1992-01-01,1.0,0.0
556,-0.050416533,0.052196126,-0.02322949,-0.20734338,1.19,-7.0,0.7688465,0.53999996,0.0,8.37885,0.9932518,451.0,1993-01-01,1.0,0.0
557,-0.013140778,-0.050416533,0.00998914,-0.02322949,1.19,-7.0,0.7688465,0.53999996,0.0,8.364741,0.9932518,451.0,1994-01-01,1.0,0.0
558,-0.06835076,-0.013140778,-0.122197926,0.00998914,1.19,-7.0,0.7688465,0.53999996,0.0,8.3891325,0.9932518,451.0,1995-01-01,1.0,0.0
559,-0.10109243,-0.06835076,0.022028696,-0.122197926,1.19,-7.0,0.7688465,0.53999996,0.0,8.414052,0.9932518,451.0,1996-01-01,1.0,0.0
560,-0.14012848,-0.10109243,-0.1964658,0.022028696,1.19,4.0,0.7688465,0.53999996,0.0,8.440312,0.9932518,451.0,1997-01-01,1.0,0.0
561,0.034192625,-0.14012848,-0.029258572,-0.1964658,1.19,0.0,0.7688465,0.53999996,0.0,8.465479,0.9932518,451.0,1998-01-01,1.0,1.0
562,-0.11536568,0.034192625,-0.099050805,-0.029258572,1.19,0.0,0.7688465,0.53999996,0.0,8.487678,0.9932518,451.0,1999-01-01,1.0,1.0
563,0.82413095,-0.35088322,0.1666666,-0.21601684,0.949,-7.0,0.07674295,0.0,0.0,8.674709,2.6100698,520.0,1981-01-01,1.0,0.0
564,0.2539571,0.82413095,-0.002304118,0.1666666,0.949,-7.0,0.07674295,0.0,0.0,8.71247,2.6100698,520.0,1982-01-01,1.0,0.0
565,-0.5498713,0.2539571,-0.07159351,-0.002304118,0.949,-7.0,0.07674295,0.0,0.0,8.740466,2.6100698,520.0,1983-01-01,1.0,0.0
566,0.45140803,-0.5498713,-0.032338336,-0.07159351,0.949,-7.0,0.07674295,0.0,0.0,8.760478,2.6100698,520.0,1984-01-01,1.0,0.0
567,0.099011295,0.45140803,-0.16066839,-0.032338336,0.949,-7.0,0.07674295,0.0,0.0,8.774888,2.6100698,520.0,1985-01-01,1.0,0.0
568,-0.51453316,0.099011295,0.25114852,-0.16066839,0.949,-7.0,0.07674295,0.0,0.0,8.786762,2.6100698,520.0,1986-01-01,1.0,0.0
569,0.8880123,-0.51453316,-0.01958381,0.25114852,0.949,-7.0,0.07674295,0.0,0.0,8.799888,2.6100698,520.0,1987-01-01,1.0,0.0
570,-0.1401678,0.8880123,-0.011235959,-0.01958381,0.949,-7.0,0.07674295,0.0,0.0,8.818743,2.6100698,520.0,1988-01-01,1.0,0.0
571,0.3040128,-0.1401678,-0.021464672,-0.011235959,0.949,-7.0,0.07674295,0.0,0.0,8.848274,2.6100698,520.0,1989-01-01,1.0,1.0
572,-0.14742677,0.3040128,-0.09290319,-0.021464672,0.949,-7.0,0.07674295,0.0,0.0,8.893422,2.6100698,520.0,1990-01-01,1.0,1.0
573,-0.2980989,-0.14742677,-0.046941668,-0.09290319,0.949,-7.0,0.07674295,0.0,0.0,8.958411,2.6100698,520.0,1991-01-01,1.0,1.0
574,0.26900497,-0.043235775,0.05148743,0.04451753,3.347,4.0,0.87722707,0.4584,0.0,10.293128,2.163323,560.0,1981-01-01,1.0,1.0
575,-0.28168184,0.26900497,-0.023939079,0.05148743,3.347,4.0,0.87722707,0.4584,0.0,10.319332,2.163323,560.0,1982-01-01,1.0,1.0
576,-0.002925506,-0.28168184,-0.06270907,-0.023939079,3.347,4.0,0.87722707,0.4584,0.0,10.345381,2.163323,560.0,1983-01-01,1.0,1.0
577,-0.055884555,-0.002925506,0.041034795,-0.06270907,3.347,4.0,0.87722707,0.4584,0.0,10.371239,2.163323,560.0,1984-01-01,1.0,1.0
578,0.25224078,-0.055884555,-0.051128224,0.041034795,3.347,4.0,0.87722707,0.4584,0.0,10.396872,2.163323,560.0,1985-01-01,1.0,1.0
579,-0.1396839,0.25224078,-0.008729694,-0.051128224,3.347,4.0,0.87722707,0.4584,0.0,10.422192,2.163323,560.0,1986-01-01,1.0,1.0
580,0.025923057,-0.1396839,0.0018220595,-0.008729694,3.347,4.0,0.87722707,0.4584,0.0,10.447235,2.163323,560.0,1987-01-01,1.0,1.0
581,0.26378703,0.025923057,0.018793585,0.0018220595,3.347,4.0,0.87722707,0.4584,0.0,10.471978,2.163323,560.0,1988-01-01,1.0,1.0
582,-0.115376994,0.26378703,-0.005950604,0.018793585,3.347,4.0,0.87722707,0.4584,0.0,10.4964,2.163323,560.0,1989-01-01,1.0,1.0
583,-0.2329793,-0.115376994,-0.027836028,-0.005950604,3.347,4.0,0.87722707,0.4584,0.0,10.52051,2.163323,560.0,1990-01-01,1.0,1.0
584,0.25208035,-0.2329793,-0.01908861,-0.027836028,3.347,5.0,0.87722707,0.4584,0.0,10.544262,2.163323,560.0,1991-01-01,1.0,1.0
585,-0.30718216,0.25208035,-0.037037045,-0.01908861,3.347,5.0,0.87722707,0.4584,0.0,10.567669,2.163323,560.0,1992-01-01,1.0,1.0
586,0.38392383,-0.30718216,-0.008818457,-0.037037045,3.347,6.0,0.87722707,0.4584,0.0,10.590768,2.163323,560.0,1993-01-01,1.0,1.0
587,-0.13566957,0.38392383,0.010494259,-0.008818457,3.347,8.0,0.87722707,0.4584,0.0,10.531397,2.163323,560.0,1994-01-01,0.0,0.0
588,0.3082783,-0.13566957,0.009073484,0.010494259,3.347,9.0,0.87722707,0.4584,0.0,10.552767,2.163323,560.0,1995-01-01,0.0,0.0
589,0.117613204,0.3082783,0.020808382,0.009073484,3.347,9.0,0.87722707,0.4584,0.0,10.574389,2.163323,560.0,1996-01-01,0.0,0.0
590,-0.13657103,0.117613204,0.005974321,0.020808382,3.347,9.0,0.87722707,0.4584,0.0,10.594432,2.163323,560.0,1997-01-01,0.0,0.0
591,-0.10500156,-0.13657103,-0.011544849,0.005974321,3.347,9.0,0.87722707,0.4584,0.0,10.611613,2.163323,560.0,1998-01-01,0.0,0.0
592,-0.0672827,-0.10500156,-0.004546994,-0.011544849,3.347,9.0,0.87722707,0.4584,0.0,10.629095,2.163323,560.0,1999-01-01,0.0,0.0
593,-0.009881114,0.043180685,0.004618947,0.018823497,0.85,-7.0,0.7350703,0.445,0.0,9.860163,2.014903,625.0,1981-01-01,0.0,0.0
594,-0.15191688,-0.009881114,0.0,0.004618947,0.85,-7.0,0.7350703,0.445,0.0,9.887968,2.014903,625.0,1982-01-01,0.0,0.0
595,-0.06653812,-0.15191688,0.018390773,0.0,0.85,-7.0,0.7350703,0.445,0.0,9.915218,2.014903,625.0,1983-01-01,1.0,1.0
596,-0.20233874,-0.06653812,-0.05869073,0.018390773,0.85,-7.0,0.7350703,0.445,0.0,9.941458,2.014903,625.0,1984-01-01,1.0,1.0
597,0.45128393,-0.20233874,-0.051558733,-0.05869073,0.85,-7.0,0.7350703,0.445,0.0,9.968901,2.014903,625.0,1985-01-01,1.0,1.0
598,-0.015809264,0.45128393,0.07711756,-0.051558733,0.85,0.0,0.7350703,0.445,0.0,9.995656,2.014903,625.0,1986-01-01,1.0,1.0
599,0.04537916,-0.015809264,-0.04107984,0.07711756,0.85,7.0,0.7350703,0.445,0.0,10.022426,2.014903,625.0,1987-01-01,1.0,1.0
600,0.20759745,0.04537916,-0.06609543,-0.04107984,0.85,7.0,0.7350703,0.445,0.0,10.049318,2.014903,625.0,1988-01-01,1.0,1.0
601,-0.064367756,0.20759745,0.05897774,-0.06609543,0.85,7.0,0.7350703,0.445,0.0,10.076347,2.014903,625.0,1989-01-01,1.0,1.0
602,-0.25089607,-0.064367756,-0.06311881,0.05897774,0.85,-7.0,0.7350703,0.445,0.0,10.10369,2.014903,625.0,1990-01-01,1.0,1.0
603,0.12912548,-0.25089607,-0.02774112,-0.06311881,0.85,-7.0,0.7350703,0.445,0.0,10.13134,2.014903,625.0,1991-01-01,1.0,1.0
604,0.06564695,0.12912548,0.027961139,-0.02774112,0.85,-7.0,0.7350703,0.445,0.0,10.159524,2.014903,625.0,1992-01-01,1.0,1.0
605,0.05041188,0.06564695,0.021610895,0.027961139,0.85,-7.0,0.7350703,0.445,0.0,10.19092,2.014903,625.0,1993-01-01,1.0,0.0
606,0.036203146,0.05041188,0.020418022,0.021610895,0.85,-7.0,0.7350703,0.445,0.0,10.150042,2.014903,625.0,1994-01-01,1.0,0.0
607,0.018468918,0.036203146,0.22708835,0.020418022,0.85,-7.0,0.7350703,0.445,0.0,10.169858,2.014903,625.0,1995-01-01,1.0,1.0
608,0.2045329,0.018468918,0.01936369,0.22708835,0.85,-7.0,0.7350703,0.445,0.0,10.189305,2.014903,625.0,1996-01-01,1.0,1.0
609,-0.24351637,0.2045329,0.044563863,0.01936369,0.85,-7.0,0.7350703,0.445,0.0,10.209526,2.014903,625.0,1997-01-01,1.0,1.0
610,-0.09704479,-0.24351637,0.02737894,0.044563863,0.85,-7.0,0.7350703,0.445,0.0,10.230517,2.014903,625.0,1998-01-01,1.0,1.0
611,0.21568614,0.085032225,0.135754,-0.04468754,3.2,-10.0,0.38675165,0.48000002,0.0,6.336826,2.7850113,572.0,1981-01-01,0.0,0.0
612,-0.39955077,0.21568614,-0.18058752,0.135754,3.2,-10.0,0.38675165,0.48000002,0.0,6.3664703,2.7850113,572.0,1982-01-01,0.0,0.0
613,0.34376726,-0.39955077,-0.16766256,-0.18058752,3.2,-10.0,0.38675165,0.48000002,0.0,6.3969297,2.7850113,572.0,1983-01-01,0.0,0.0
614,0.37923113,0.34376726,0.07812498,-0.16766256,3.2,-10.0,0.38675165,0.48000002,0.0,6.424869,2.7850113,572.0,1984-01-01,0.0,0.0
615,-0.3091634,0.37923113,-0.13905211,0.07812498,3.2,-10.0,0.38675165,0.48000002,0.0,6.4567695,2.7850113,572.0,1985-01-01,0.0,0.0
616,-0.2241109,-0.3091634,0.017288493,-0.13905211,3.2,-10.0,0.38675165,0.48000002,0.0,6.4907236,2.7850113,572.0,1986-01-01,0.0,0.0
617,0.27904257,-0.2241109,0.05366721,0.017288493,3.2,-10.0,0.38675165,0.48000002,0.0,6.526495,2.7850113,572.0,1987-01-01,0.0,0.0
618,-0.0126995165,0.27904257,0.025042452,0.05366721,3.2,-10.0,0.38675165,0.48000002,0.0,6.5638556,2.7850113,572.0,1988-01-01,0.0,0.0
619,0.0040017203,-0.0126995165,0.05590062,0.025042452,3.2,-10.0,0.38675165,0.48000002,0.0,6.6025877,2.7850113,572.0,1989-01-01,0.0,0.0
620,-0.20816629,0.0040017203,0.055617537,0.05590062,3.2,-10.0,0.38675165,0.48000002,0.0,6.641182,2.7850113,572.0,1990-01-01,0.0,0.0
621,-0.021160053,-0.20816629,-0.0070836535,0.055617537,3.2,-10.0,0.38675165,0.48000002,0.0,6.64379,2.7850113,572.0,1991-01-01,0.0,0.0
622,-0.3187209,-0.021160053,-0.0184171,-0.0070836535,3.2,-10.0,0.38675165,0.48000002,0.0,6.705639,2.7850113,572.0,1992-01-01,0.0,0.0
623,0.72159106,-0.3187209,0.00080266374,-0.0184171,3.2,-10.0,0.38675165,0.48000002,0.0,6.7093043,2.7850113,572.0,1993-01-01,0.0,0.0
624,-0.21458474,0.72159106,0.0028489477,0.00080266374,3.2,-9.0,0.38675165,0.48000002,0.0,6.74007,2.7850113,572.0,1994-01-01,0.0,0.0
625,0.33922926,-0.21458474,-0.004374931,0.0028489477,3.2,-9.0,0.38675165,0.48000002,0.0,6.771248,2.7850113,572.0,1995-01-01,0.0,0.0
626,0.16215909,0.33922926,0.007019021,-0.004374931,3.2,-9.0,0.38675165,0.48000002,0.0,6.802395,2.7850113,572.0,1996-01-01,0.0,0.0
627,-0.0680587,0.16215909,0.0041204225,0.007019021,3.2,-9.0,0.38675165,0.48000002,0.0,6.8335705,2.7850113,572.0,1997-01-01,0.0,0.0
628,-0.18914749,-0.0680587,-0.011724436,0.0041204225,3.2,-9.0,0.38675165,0.48000002,0.0,6.8651714,2.7850113,572.0,1998-01-01,0.0,0.0
629,0.096761204,-0.18914749,-0.009051349,-0.011724436,3.2,-9.0,0.38675165,0.48000002,0.0,6.896057,2.7850113,572.0,1999-01-01,0.0,0.0
630,-0.13849224,-0.15025106,-0.03958332,-0.102803804,0.535,-7.0,0.92503476,0.635,0.0,9.803556,3.122365,510.0,1981-01-01,0.0,0.0
631,0.36741692,-0.13849224,0.010845977,-0.03958332,0.535,-7.0,0.92503476,0.635,0.0,9.835851,3.122365,510.0,1982-01-01,0.0,0.0
632,-0.19096948,0.36741692,-0.094420604,0.010845977,0.535,-7.0,0.92503476,0.635,0.0,9.867757,3.122365,510.0,1983-01-01,0.0,0.0
633,0.10973787,-0.19096948,0.09715642,-0.094420604,0.535,-7.0,0.92503476,0.635,0.0,9.899077,3.122365,510.0,1984-01-01,0.0,0.0
634,0.017529974,0.10973787,0.021598252,0.09715642,0.535,-7.0,0.92503476,0.635,0.0,9.929789,3.122365,510.0,1985-01-01,0.0,0.0
635,-0.08315493,0.017529974,0.14164911,0.021598252,0.535,-7.0,0.92503476,0.635,0.0,9.959915,3.122365,510.0,1986-01-01,0.0,0.0
636,-0.110221975,-0.08315493,-0.0037037663,0.14164911,0.535,-7.0,0.92503476,0.635,0.0,9.987415,3.122365,510.0,1987-01-01,0.0,0.0
637,0.09258819,-0.110221975,-0.0074349595,-0.0037037663,0.535,-7.0,0.92503476,0.635,0.0,10.015476,3.122365,510.0,1988-01-01,0.0,0.0
638,0.1805052,0.09258819,0.005757541,-0.0074349595,0.535,-7.0,0.92503476,0.635,0.0,10.044119,3.122365,510.0,1989-01-01,0.0,0.0
639,-0.18858492,0.1805052,0.037887022,0.005757541,0.535,-7.0,0.92503476,0.635,0.0,10.11868,3.122365,510.0,1990-01-01,0.0,0.0
640,-0.042666283,-0.18858492,-0.0100403335,0.037887022,0.535,-7.0,0.92503476,0.635,0.0,10.151714,3.122365,510.0,1991-01-01,0.0,0.0
641,-0.052686002,-0.042666283,-0.02408309,-0.0100403335,0.535,-7.0,0.92503476,0.635,0.0,10.199882,3.122365,510.0,1992-01-01,0.0,0.0
642,-0.14807355,-0.052686002,-0.018859442,-0.02408309,0.535,-6.0,0.92503476,0.635,0.0,10.23387,3.122365,510.0,1993-01-01,0.0,0.0
643,0.05243293,-0.14807355,-0.014560015,-0.018859442,0.535,-6.0,0.92503476,0.635,0.0,10.237943,3.122365,510.0,1994-01-01,0.0,0.0
644,0.10584379,0.05243293,0.00650814,-0.014560015,0.535,-6.0,0.92503476,0.635,0.0,10.267887,3.122365,510.0,1995-01-01,0.0,0.0
645,-0.11289038,0.10584379,0.017325692,0.00650814,0.535,-1.0,0.92503476,0.635,0.0,10.297083,3.122365,510.0,1996-01-01,0.0,0.0
646,0.21995479,-0.11289038,0.007902993,0.017325692,0.535,-1.0,0.92503476,0.635,0.0,10.325083,3.122365,510.0,1997-01-01,0.0,0.0
647,-0.19603007,0.21995479,0.014457462,0.007902993,0.535,-1.0,0.92503476,0.635,0.0,10.351888,3.122365,510.0,1998-01-01,0.0,0.0
648,0.12279303,-0.19603007,0.02154664,0.014457462,0.535,-1.0,0.92503476,0.635,0.0,10.377499,3.122365,510.0,1999-01-01,0.0,0.0
649,-0.07091633,-0.10913633,-0.06566344,0.076583184,0.679,-7.0,0.71069026,0.45999998,0.0,7.8690195,0.0,461.0,1981-01-01,0.0,0.0
650,-0.1299104,-0.07091633,-0.042459797,-0.06566344,0.679,-7.0,0.71069026,0.45999998,0.0,7.89804,0.0,461.0,1982-01-01,0.0,0.0
651,-0.0796306,-0.1299104,-0.099388376,-0.042459797,0.679,-7.0,0.71069026,0.45999998,0.0,7.9276853,0.0,461.0,1983-01-01,0.0,0.0
652,0.34054765,-0.0796306,0.049235966,-0.099388376,0.679,-7.0,0.71069026,0.45999998,0.0,7.957877,0.0,461.0,1984-01-01,0.0,0.0
653,0.028519528,0.34054765,0.030744424,0.049235966,0.679,-7.0,0.71069026,0.45999998,0.0,7.9882035,0.0,461.0,1985-01-01,0.0,0.0
654,-0.13564044,0.028519528,0.03139714,0.030744424,0.679,-7.0,0.71069026,0.45999998,0.0,8.018954,0.0,461.0,1986-01-01,1.0,0.0
655,0.115951456,-0.13564044,-0.036529664,0.03139714,0.679,-7.0,0.71069026,0.45999998,0.0,8.053251,0.0,461.0,1987-01-01,0.0,0.0
656,0.07542653,0.115951456,0.006319128,-0.036529664,0.679,-7.0,0.71069026,0.45999998,0.0,8.088562,0.0,461.0,1988-01-01,0.0,0.0
657,-0.0037159217,0.07542653,0.0,0.006319128,0.679,-7.0,0.71069026,0.45999998,0.0,8.124743,0.0,461.0,1989-01-01,0.0,0.0
658,-0.1551777,-0.0037159217,0.006279354,0.0,0.679,-7.0,0.71069026,0.45999998,0.0,8.16166,0.0,461.0,1990-01-01,0.0,0.0
659,0.2973097,-0.1551777,-0.046801828,0.006279354,0.679,-7.0,0.71069026,0.45999998,0.0,8.199189,0.0,461.0,1991-01-01,1.0,0.0
660,-0.3141484,0.2973097,-0.13256961,-0.046801828,0.679,-5.0,0.71069026,0.45999998,0.0,8.235625,0.0,461.0,1992-01-01,0.0,0.0
661,0.15577751,-0.3141484,-0.17728509,-0.13256961,0.679,-3.0,0.71069026,0.45999998,0.0,8.268732,0.0,461.0,1993-01-01,0.0,0.0
662,-0.014413556,0.15577751,0.11534237,-0.17728509,0.679,-2.0,0.71069026,0.45999998,0.0,8.26101,0.0,461.0,1994-01-01,0.0,0.0
663,0.13319217,-0.014413556,0.047593694,0.11534237,0.679,-2.0,0.71069026,0.45999998,0.0,8.291547,0.0,461.0,1995-01-01,0.0,0.0
664,-0.099976934,0.13319217,0.065621555,0.047593694,0.679,-2.0,0.71069026,0.45999998,0.0,8.321178,0.0,461.0,1996-01-01,0.0,0.0
665,0.045556556,-0.099976934,0.0153035475,0.065621555,0.679,-2.0,0.71069026,0.45999998,0.0,8.349957,0.0,461.0,1997-01-01,0.0,0.0
666,-0.18150194,0.045556556,-0.04663565,0.0153035475,0.679,-2.0,0.71069026,0.45999998,0.0,8.376723,0.0,461.0,1998-01-01,0.0,0.0
667,0.26920286,-0.18150194,-0.0027497762,-0.04663565,0.679,-2.0,0.71069026,0.45999998,0.0,8.402056,0.0,461.0,1999-01-01,0.0,0.0
668,0.12278416,-0.076336466,0.67041206,-0.066433646,0.572,3.0,0.8994653,0.7242,0.0,9.457747,2.3418057,500.0,1981-01-01,1.0,1.0
669,0.24964087,0.12278416,0.09641252,0.67041206,0.572,3.0,0.8994653,0.7242,0.0,9.478764,2.3418057,500.0,1982-01-01,1.0,1.0
670,-0.24608657,0.24964087,0.119631946,0.09641252,0.572,3.0,0.8994653,0.7242,0.0,9.498523,2.3418057,500.0,1983-01-01,1.0,1.0
671,-0.1435355,-0.24608657,-0.47397265,0.119631946,0.572,3.0,0.8994653,0.7242,0.0,9.51753,2.3418057,500.0,1984-01-01,1.0,1.0
672,0.38113114,-0.1435355,-0.06249992,-0.47397265,0.572,3.0,0.8994653,0.7242,0.0,9.536546,2.3418057,500.0,1985-01-01,1.0,1.0
673,-0.123392835,0.38113114,-0.06481486,-0.06249992,0.572,0.0,0.8994653,0.7242,0.0,9.556338,2.3418057,500.0,1986-01-01,1.0,1.0
674,0.012560729,-0.123392835,0.007920808,-0.06481486,0.572,-7.0,0.8994653,0.7242,0.0,9.579142,2.3418057,500.0,1987-01-01,1.0,1.0
675,0.29947272,0.012560729,0.03536347,0.007920808,0.572,-7.0,0.8994653,0.7242,0.0,9.605014,2.3418057,500.0,1988-01-01,1.0,1.0
676,-0.16307446,0.29947272,0.039848138,0.03536347,0.572,-7.0,0.8994653,0.7242,0.0,9.633907,2.3418057,500.0,1989-01-01,1.0,1.0
677,0.033911508,-0.16307446,0.010948982,0.039848138,0.572,-7.0,0.8994653,0.7242,0.0,9.665801,2.3418057,500.0,1990-01-01,1.0,0.0
678,-0.012825741,0.033911508,0.016245494,0.010948982,0.572,-7.0,0.8994653,0.7242,0.0,9.700759,2.3418057,500.0,1991-01-01,1.0,1.0
679,-0.107432425,-0.012825741,-0.02841924,0.016245494,0.572,-7.0,0.8994653,0.7242,0.0,9.73501,2.3418057,500.0,1992-01-01,0.0,0.0
680,-0.1111896,-0.107432425,0.049097013,-0.02841924,0.572,-7.0,0.8994653,0.7242,0.0,9.767611,2.3418057,500.0,1993-01-01,0.0,0.0
681,0.08850313,-0.1111896,0.031215182,0.049097013,0.572,-4.0,0.8994653,0.7242,0.0,9.799804,2.3418057,500.0,1994-01-01,1.0,0.0
682,-0.032241825,0.08850313,0.081998974,0.031215182,0.572,-4.0,0.8994653,0.7242,0.0,9.830884,2.3418057,500.0,1995-01-01,1.0,0.0
683,0.112015925,-0.032241825,0.05831027,0.081998974,0.572,-4.0,0.8994653,0.7242,0.0,9.860997,2.3418057,500.0,1996-01-01,1.0,0.0
684,-0.010439435,0.112015925,0.018311286,0.05831027,0.572,-4.0,0.8994653,0.7242,0.0,9.890445,2.3418057,500.0,1997-01-01,1.0,0.0
685,-0.20925257,-0.010439435,0.027317585,0.018311286,0.572,-4.0,0.8994653,0.7242,0.0,9.919225,2.3418057,500.0,1998-01-01,1.0,1.0
686,0.21098661,-0.20925257,0.04467524,0.027317585,0.572,-4.0,0.8994653,0.7242,0.0,9.947339,2.3418057,500.0,1999-01-01,1.0,1.0
687,-0.05488551,0.039806932,0.035714265,-0.028571425,0.49,-9.0,0.90163183,0.68,0.0,10.203925,1.6486586,490.0,1981-01-01,1.0,1.0
688,0.22349158,-0.05488551,-0.022312388,0.035714265,0.49,-9.0,0.90163183,0.68,0.0,10.234085,1.6486586,490.0,1982-01-01,1.0,1.0
689,-0.20063603,0.22349158,-0.043568462,-0.022312388,0.49,-9.0,0.90163183,0.68,0.0,10.265453,1.6486586,490.0,1983-01-01,1.0,1.0
690,0.03039666,-0.20063603,-0.006507573,-0.043568462,0.49,-9.0,0.90163183,0.68,0.0,10.297622,1.6486586,490.0,1984-01-01,1.0,1.0
691,0.15843524,0.03039666,-0.034934502,-0.006507573,0.49,-9.0,0.90163183,0.68,0.0,10.330225,1.6486586,490.0,1985-01-01,1.0,1.0
692,-0.084380455,0.15843524,0.027149308,-0.034934502,0.49,-9.0,0.90163183,0.68,0.0,10.36303,1.6486586,490.0,1986-01-01,1.0,1.0
693,0.061545853,-0.084380455,0.019823795,0.027149308,0.49,-9.0,0.90163183,0.68,0.0,10.396078,1.6486586,490.0,1987-01-01,1.0,1.0
694,0.1504061,0.061545853,-0.0064794626,0.019823795,0.49,-9.0,0.90163183,0.68,0.0,10.429487,1.6486586,490.0,1988-01-01,1.0,1.0
695,0.026289005,0.1504061,-0.0782609,-0.0064794626,0.49,-9.0,0.90163183,0.68,0.0,10.46296,1.6486586,490.0,1989-01-01,1.0,1.0
696,-0.08893605,0.026289005,-0.09584019,-0.0782609,0.49,-9.0,0.90163183,0.68,0.0,10.496262,1.6486586,490.0,1990-01-01,0.0,0.0
697,-0.103419065,-0.08893605,-0.11269138,-0.09584019,0.49,-8.0,0.90163183,0.68,0.0,10.4790325,1.6486586,490.0,1991-01-01,0.0,0.0
698,-0.15824342,-0.103419065,-0.13383582,-0.11269138,0.49,-8.0,0.90163183,0.68,0.0,10.5097685,1.6486586,490.0,1992-01-01,0.0,0.0
699,0.054055285,-0.15824342,-0.1605368,-0.13383582,0.49,0.0,0.90163183,0.68,0.0,10.59363,1.6486586,490.0,1993-01-01,0.0,0.0
700,-0.015846694,0.054055285,-0.06977158,-0.1605368,0.49,0.0,0.90163183,0.68,0.0,10.625265,1.6486586,490.0,1994-01-01,0.0,0.0
701,0.027675277,-0.015846694,-0.025194105,-0.06977158,0.49,0.0,0.90163183,0.68,0.0,10.657008,1.6486586,490.0,1995-01-01,0.0,0.0
702,-0.021976922,0.027675277,-0.03891232,-0.025194105,0.49,0.0,0.90163183,0.68,0.0,10.688484,1.6486586,490.0,1996-01-01,1.0,0.0
703,-0.118878454,-0.021976922,-0.08517705,-0.03891232,0.49,0.0,0.90163183,0.68,0.0,10.720047,1.6486586,490.0,1997-01-01,1.0,1.0
704,0.0057941726,-0.118878454,-0.0037673465,-0.08517705,0.49,0.0,0.90163183,0.68,0.0,10.751696,1.6486586,490.0,1998-01-01,1.0,1.0
705,-0.058268376,-0.1250654,0.05458294,0.022105293,0.95,-9.0,0.8182164,0.45499998,0.0,8.63888,0.18232156,551.0,1981-01-01,0.0,0.0
706,0.09060223,-0.058268376,-0.082031295,0.05458294,0.95,-9.0,0.8182164,0.45499998,0.0,8.673171,0.18232156,551.0,1982-01-01,0.0,0.0
707,-0.10590325,0.09060223,-0.106383,-0.082031295,0.95,-9.0,0.8182164,0.45499998,0.0,8.708805,0.18232156,551.0,1983-01-01,0.0,0.0
708,0.0639586,-0.10590325,-0.015476134,-0.106383,0.95,-9.0,0.8182164,0.45499998,0.0,8.744966,0.18232156,551.0,1984-01-01,0.0,0.0
709,0.06065291,0.0639586,-0.0229746,-0.015476134,0.95,-9.0,0.8182164,0.45499998,0.0,8.781402,0.18232156,551.0,1985-01-01,0.0,0.0
710,0.07554492,0.06065291,-0.02722774,-0.0229746,0.95,-9.0,0.8182164,0.45499998,0.0,8.817742,0.18232156,551.0,1986-01-01,0.0,0.0
711,-0.2574073,0.07554492,-0.03307891,-0.02722774,0.95,-9.0,0.8182164,0.45499998,0.0,8.853808,0.18232156,551.0,1987-01-01,0.0,0.0
712,0.19598894,-0.2574073,-0.0039473176,-0.03307891,0.95,-9.0,0.8182164,0.45499998,0.0,8.889584,0.18232156,551.0,1988-01-01,0.0,0.0
713,0.14767607,0.19598894,-0.0013210656,-0.0039473176,0.95,-9.0,0.8182164,0.45499998,0.0,8.924922,0.18232156,551.0,1989-01-01,0.0,0.0
714,-0.17837112,0.14767607,-0.088624306,-0.0013210656,0.95,-9.0,0.8182164,0.45499998,0.0,8.959569,0.18232156,551.0,1990-01-01,0.0,0.0
715,0.031313375,-0.17837112,0.014513774,-0.088624306,0.95,-9.0,0.8182164,0.45499998,0.0,8.993427,0.18232156,551.0,1991-01-01,0.0,0.0
716,-0.29442805,0.031313375,-0.045932245,0.014513774,0.95,6.0,0.8182164,0.45499998,0.0,9.026298,0.18232156,551.0,1992-01-01,0.0,0.0
717,0.44534755,-0.29442805,0.037901226,-0.045932245,0.95,6.0,0.8182164,0.45499998,0.0,9.0641575,0.18232156,551.0,1993-01-01,0.0,0.0
718,-0.2709921,0.44534755,-0.11165415,0.037901226,0.95,6.0,0.8182164,0.45499998,0.0,9.047952,0.18232156,551.0,1994-01-01,0.0,0.0
719,4.0604726e-05,-0.2709921,-0.05133714,-0.11165415,0.95,6.0,0.8182164,0.45499998,0.0,9.0757475,0.18232156,551.0,1995-01-01,0.0,0.0
720,0.10975655,4.0604726e-05,0.03955673,-0.05133714,0.95,6.0,0.8182164,0.45499998,0.0,9.102756,0.18232156,551.0,1996-01-01,0.0,0.0
721,0.03166931,0.10975655,0.008051742,0.03955673,0.95,1.0,0.8182164,0.45499998,0.0,9.128523,0.18232156,551.0,1997-01-01,0.0,0.0
722,-0.1590142,0.03166931,-0.041565705,0.008051742,0.95,1.0,0.8182164,0.45499998,0.0,9.153051,0.18232156,551.0,1998-01-01,0.0,0.0
723,0.17025287,-0.1590142,0.0013830108,-0.041565705,0.95,1.0,0.8182164,0.45499998,0.0,9.17634,0.18232156,551.0,1999-01-01,0.0,0.0
724,0.23024864,0.08327725,0.062189095,0.013445305,1.19,5.0,0.54395044,0.50979996,0.0,8.85495,1.3609766,552.0,1981-01-01,0.0,0.0
725,-0.38562056,0.23024864,0.039812647,0.062189095,1.19,5.0,0.54395044,0.50979996,0.0,8.889722,1.3609766,552.0,1982-01-01,0.0,0.0
726,0.014161941,-0.38562056,0.024023984,0.039812647,1.19,5.0,0.54395044,0.50979996,0.0,8.926784,1.3609766,552.0,1983-01-01,0.0,0.0
727,0.10982285,0.014161941,-0.115102604,0.024023984,1.19,1.0,0.54395044,0.50979996,0.0,8.964696,1.3609766,552.0,1984-01-01,0.0,0.0
728,0.37960923,0.10982285,0.007456457,-0.115102604,1.19,1.0,0.54395044,0.50979996,0.0,9.001593,1.3609766,552.0,1985-01-01,0.0,0.0
729,-0.09056277,0.37960923,-0.03124999,0.007456457,1.19,1.0,0.54395044,0.50979996,0.0,9.036701,1.3609766,552.0,1986-01-01,0.0,0.0
730,-0.28459096,-0.09056277,0.022071328,-0.03124999,1.19,1.0,0.54395044,0.50979996,0.0,9.070158,1.3609766,552.0,1987-01-01,0.0,0.0
731,0.39568108,-0.28459096,-0.09717607,0.022071328,1.19,-6.0,0.54395044,0.50979996,0.0,9.102309,1.3609766,552.0,1988-01-01,0.0,0.0
732,-0.09092306,0.39568108,0.078196906,-0.09717607,1.19,-6.0,0.54395044,0.50979996,0.0,9.133027,1.3609766,552.0,1989-01-01,0.0,0.0
733,-0.06477495,-0.09092306,0.008532415,0.078196906,1.19,-6.0,0.54395044,0.50979996,0.0,9.16241,1.3609766,552.0,1990-01-01,0.0,0.0
734,-0.15968333,-0.06477495,0.05583755,0.008532415,1.19,-6.0,0.54395044,0.50979996,0.0,9.190648,1.3609766,552.0,1991-01-01,0.0,0.0
735,-0.17316683,-0.15968333,-0.06891032,0.05583755,1.19,-6.0,0.54395044,0.50979996,0.0,9.218209,1.3609766,552.0,1992-01-01,0.0,0.0
736,0.5465146,-0.17316683,-0.00025657698,-0.06891032,1.19,-6.0,0.54395044,0.50979996,0.0,9.246094,1.3609766,552.0,1993-01-01,0.0,0.0
737,-0.31690204,0.5465146,0.030295882,-0.00025657698,1.19,-6.0,0.54395044,0.50979996,0.0,9.262116,1.3609766,552.0,1994-01-01,0.0,0.0
738,0.061179265,-0.31690204,-0.018779496,0.030295882,1.19,-6.0,0.54395044,0.50979996,0.0,9.285019,1.3609766,552.0,1995-01-01,0.0,0.0
739,0.51364183,0.061179265,0.07848963,-0.018779496,1.19,-6.0,0.54395044,0.50979996,0.0,9.30665,1.3609766,552.0,1996-01-01,0.0,0.0
740,0.04438013,0.51364183,0.008136905,0.07848963,1.19,-6.0,0.54395044,0.50979996,0.0,9.327418,1.3609766,552.0,1997-01-01,0.0,0.0
741,-0.18148221,0.04438013,0.01749436,0.008136905,1.19,-6.0,0.54395044,0.50979996,0.0,9.347324,1.3609766,552.0,1998-01-01,1.0,1.0
742,0.09441991,-0.18148221,-0.017228173,0.01749436,1.19,-6.0,0.54395044,0.50979996,0.0,9.366368,1.3609766,552.0,1999-01-01,1.0,1.0
